category,vtype,final_label,priority,rank,project,no,warning_line,warning_method
BAD_PRACTICE,NM_CONFUSING,FP,3,19,dbcp,75,"return this.url;
","@Override
public synchronized String getUrl() {
return this.url;
}"
BAD_PRACTICE,NM_CONFUSING,FP,3,19,dbcp,76,"return this.userName;
","@Override
public String getUsername() {
return this.userName;
}"
Multithreaded correctness,IS2_INCONSISTENT_SYNC,FP,2,17,dbcp,77,private boolean closed;,private boolean closed;
DODGY_CODE,REC_CATCH_EXCEPTION,FP,3,20,dbcp,79,"} catch (final Exception t) {
","static ConnectionFactory createConnectionFactory(final BasicDataSource basicDataSource, final Driver driver) throws SQLException {
final Properties connectionProperties = basicDataSource.getConnectionProperties();
final String url = basicDataSource.getUrl();
final String user = basicDataSource.getUsername();
if (user != null) {
connectionProperties.put(Constants.KEY_USER, user);
} else {
basicDataSource.log(""DBCP DataSource configured without a 'username'"");
}
final String pwd = basicDataSource.getPassword();
if (pwd != null) {
connectionProperties.put(""password"", pwd);
} else {
basicDataSource.log(""DBCP DataSource configured without a 'password'"");
}
final String connectionFactoryClassName = basicDataSource.getConnectionFactoryClassName();
if (connectionFactoryClassName != null) {
try {
final Class<?> connectionFactoryFromCCL = Class.forName(connectionFactoryClassName);
return (ConnectionFactory) connectionFactoryFromCCL.getConstructor(Driver.class, String.class, Properties.class).newInstance(driver, url, connectionProperties);
} catch (final Exception t) {
final String message = ""Cannot load ConnectionFactory implementation '"" + connectionFactoryClassName + ""'"";
basicDataSource.log(message, t);
throw new SQLException(message, t);
}
}
return new DriverConnectionFactory(driver, url, connectionProperties);
}"
DODGY_CODE,PZLA_PREFER_ZERO_LENGTH_ARRAYS,FP,3,20,dbcp,80,"return null;
","@Override
public byte[] getBytes(final int parameterIndex) throws SQLException {
checkOpen();
try {
return getDelegateCallableStatement().getBytes(parameterIndex);
} catch (final SQLException e) {
handleException(e);
return null;
}
}"
DODGY_CODE,PZLA_PREFER_ZERO_LENGTH_ARRAYS,FP,3,20,dbcp,81,"return null;
","@Override
public byte[] getBytes(final String parameterName) throws SQLException {
checkOpen();
try {
return getDelegateCallableStatement().getBytes(parameterName);
} catch (final SQLException e) {
handleException(e);
return null;
}
}"
DODGY_CODE,PZLA_PREFER_ZERO_LENGTH_ARRAYS,FP,3,20,dbcp,90,"return null;
","@Override
public byte[] getBytes(final String columnName) throws SQLException {
try {
return resultSet.getBytes(columnName);
} catch (final SQLException e) {
handleException(e);
return null;
}
}"
DODGY_CODE,PZLA_PREFER_ZERO_LENGTH_ARRAYS,FP,3,20,dbcp,91,"return null;
","@Override
public byte[] getBytes(final int columnIndex) throws SQLException {
try {
return resultSet.getBytes(columnIndex);
} catch (final SQLException e) {
handleException(e);
return null;
}
}"
SECURITY,SQL_NONCONSTANT_STRING_PASSED_TO_EXECUTE,FP,3,15,dbcp,92,"return statement.executeUpdate(sql, columnNames);
","@Override
public int executeUpdate(final String sql, final String[] columnNames) throws SQLException {
checkOpen();
setLastUsedInParent();
try {
return statement.executeUpdate(sql, columnNames);
} catch (final SQLException e) {
handleException(e);
return 0;
}
}"
SECURITY,SQL_NONCONSTANT_STRING_PASSED_TO_EXECUTE,FP,3,15,dbcp,93,"return statement.executeLargeUpdate(sql, columnIndexes);
","@Override
public long executeLargeUpdate(final String sql, final int[] columnIndexes) throws SQLException {
checkOpen();
setLastUsedInParent();
try {
return statement.executeLargeUpdate(sql, columnIndexes);
} catch (final SQLException e) {
handleException(e);
return 0;
}
}"
SECURITY,SQL_NONCONSTANT_STRING_PASSED_TO_EXECUTE,FP,3,15,dbcp,94,"return statement.execute(sql, columnNames);
","@Override
public boolean execute(final String sql, final String[] columnNames) throws SQLException {
checkOpen();
setLastUsedInParent();
try {
return statement.execute(sql, columnNames);
} catch (final SQLException e) {
handleException(e);
return false;
}
}"
SECURITY,SQL_NONCONSTANT_STRING_PASSED_TO_EXECUTE,FP,3,15,dbcp,95,"return DelegatingResultSet.wrapResultSet(this, statement.executeQuery(sql));
","@SuppressWarnings(""resource"")
@Override
public ResultSet executeQuery(final String sql) throws SQLException {
checkOpen();
setLastUsedInParent();
try {
return DelegatingResultSet.wrapResultSet(this, statement.executeQuery(sql));
} catch (final SQLException e) {
handleException(e);
throw new AssertionError();
}
}"
SECURITY,SQL_NONCONSTANT_STRING_PASSED_TO_EXECUTE,FP,3,15,dbcp,96,"return statement.execute(sql, autoGeneratedKeys);
","@Override
public boolean execute(final String sql, final int autoGeneratedKeys) throws SQLException {
checkOpen();
setLastUsedInParent();
try {
return statement.execute(sql, autoGeneratedKeys);
} catch (final SQLException e) {
handleException(e);
return false;
}
}"
SECURITY,SQL_NONCONSTANT_STRING_PASSED_TO_EXECUTE,FP,3,15,dbcp,97,"return statement.executeLargeUpdate(sql);
","@Override
public long executeLargeUpdate(final String sql) throws SQLException {
checkOpen();
setLastUsedInParent();
try {
return statement.executeLargeUpdate(sql);
} catch (final SQLException e) {
handleException(e);
return 0;
}
}"
SECURITY,SQL_NONCONSTANT_STRING_PASSED_TO_EXECUTE,FP,3,15,dbcp,98,"return statement.executeUpdate(sql, columnIndexes);
","@Override
public int executeUpdate(final String sql, final int[] columnIndexes) throws SQLException {
checkOpen();
setLastUsedInParent();
try {
return statement.executeUpdate(sql, columnIndexes);
} catch (final SQLException e) {
handleException(e);
return 0;
}
}"
SECURITY,SQL_NONCONSTANT_STRING_PASSED_TO_EXECUTE,FP,3,15,dbcp,99,"return statement.execute(sql);
","@Override
public boolean execute(final String sql) throws SQLException {
checkOpen();
setLastUsedInParent();
try {
return statement.execute(sql);
} catch (final SQLException e) {
handleException(e);
return false;
}
}"
SECURITY,SQL_NONCONSTANT_STRING_PASSED_TO_EXECUTE,FP,3,15,dbcp,100,"statement.addBatch(sql);
","@Override
public void addBatch(final String sql) throws SQLException {
checkOpen();
try {
statement.addBatch(sql);
} catch (final SQLException e) {
handleException(e);
}
}"
SECURITY,SQL_NONCONSTANT_STRING_PASSED_TO_EXECUTE,FP,3,15,dbcp,101,"return statement.executeUpdate(sql, autoGeneratedKeys);
","@Override
public int executeUpdate(final String sql, final int autoGeneratedKeys) throws SQLException {
checkOpen();
setLastUsedInParent();
try {
return statement.executeUpdate(sql, autoGeneratedKeys);
} catch (final SQLException e) {
handleException(e);
return 0;
}
}"
DODGY_CODE,PZLA_PREFER_ZERO_LENGTH_ARRAYS,FP,3,20,dbcp,102,"return null;
","@Override
public long[] executeLargeBatch() throws SQLException {
checkOpen();
setLastUsedInParent();
try {
return statement.executeLargeBatch();
} catch (final SQLException e) {
handleException(e);
return null;
}
}"
SECURITY,SQL_NONCONSTANT_STRING_PASSED_TO_EXECUTE,FP,3,15,dbcp,103,"return statement.executeLargeUpdate(sql, columnNames);
","@Override
public long executeLargeUpdate(final String sql, final String[] columnNames) throws SQLException {
checkOpen();
setLastUsedInParent();
try {
return statement.executeLargeUpdate(sql, columnNames);
} catch (final SQLException e) {
handleException(e);
return 0;
}
}"
SECURITY,SQL_NONCONSTANT_STRING_PASSED_TO_EXECUTE,FP,3,15,dbcp,104,"return statement.executeUpdate(sql);
","@Override
public int executeUpdate(final String sql) throws SQLException {
checkOpen();
setLastUsedInParent();
try {
return statement.executeUpdate(sql);
} catch (final SQLException e) {
handleException(e);
return 0;
}
}"
SECURITY,SQL_NONCONSTANT_STRING_PASSED_TO_EXECUTE,FP,3,15,dbcp,105,"return statement.executeLargeUpdate(sql, autoGeneratedKeys);
","@Override
public long executeLargeUpdate(final String sql, final int autoGeneratedKeys) throws SQLException {
checkOpen();
setLastUsedInParent();
try {
return statement.executeLargeUpdate(sql, autoGeneratedKeys);
} catch (final SQLException e) {
handleException(e);
return 0;
}
}"
SECURITY,SQL_NONCONSTANT_STRING_PASSED_TO_EXECUTE,FP,3,15,dbcp,106,"return statement.execute(sql, columnIndexes);
","@Override
public boolean execute(final String sql, final int[] columnIndexes) throws SQLException {
checkOpen();
setLastUsedInParent();
try {
return statement.execute(sql, columnIndexes);
} catch (final SQLException e) {
handleException(e);
return false;
}
}"
DODGY_CODE,REC_CATCH_EXCEPTION,FP,3,20,dbcp,107,"} catch (final Exception t) {
","static Driver createDriver(final BasicDataSource basicDataSource) throws SQLException {
Driver driverToUse = basicDataSource.getDriver();
final String driverClassName = basicDataSource.getDriverClassName();
final ClassLoader driverClassLoader = basicDataSource.getDriverClassLoader();
final String url = basicDataSource.getUrl();
if (driverToUse == null) {
Class<?> driverFromCCL = null;
if (driverClassName != null) {
try {
try {
if (driverClassLoader == null) {
driverFromCCL = Class.forName(driverClassName);
} else {
driverFromCCL = Class.forName(driverClassName, true, driverClassLoader);
}
} catch (final ClassNotFoundException cnfe) {
driverFromCCL = Thread.currentThread().getContextClassLoader().loadClass(driverClassName);
}
} catch (final Exception t) {
final String message = ""Cannot load JDBC driver class '"" + driverClassName + ""'"";
basicDataSource.log(message, t);
throw new SQLException(message, t);
}
}
try {
if (driverFromCCL == null) {
driverToUse = DriverManager.getDriver(url);
} else {
driverToUse = (Driver) driverFromCCL.getConstructor().newInstance();
if (!driverToUse.acceptsURL(url)) {
throw new SQLException(""No suitable driver"", ""08001"");
}
}
} catch (final Exception t) {
final String message = ""Cannot create JDBC driver of class '"" + (driverClassName != null ? driverClassName : """") + ""' for connect URL '"" + url + ""'"";
basicDataSource.log(message, t);
throw new SQLException(message, t);
}
}
return driverToUse;
}"
SECURITY,SQL_PREPARED_STATEMENT_GENERATED_FROM_NONCONSTANT_STRING,FP,3,15,dbcp,108,"return connection.prepareStatement(sql, columnIndexes);
","@Override
public Statement createStatement(final Connection connection) throws SQLException {
return connection.prepareStatement(sql, columnIndexes);
}"
SECURITY,SQL_PREPARED_STATEMENT_GENERATED_FROM_NONCONSTANT_STRING,FP,3,15,dbcp,110,"return connection.prepareStatement(sql);
","@Override
public Statement createStatement(final Connection connection) throws SQLException {
return connection.prepareStatement(sql);
}"
SECURITY,SQL_PREPARED_STATEMENT_GENERATED_FROM_NONCONSTANT_STRING,FP,3,15,dbcp,113,"return connection.prepareStatement(sql, columnNames);
","@Override
public Statement createStatement(final Connection connection) throws SQLException {
return connection.prepareStatement(sql, columnNames);
}"
SECURITY,SQL_PREPARED_STATEMENT_GENERATED_FROM_NONCONSTANT_STRING,FP,3,15,dbcp,114,"validationPreparedStatement = getInnermostDelegateInternal().prepareStatement(sql);
","public void validate(final String sql, int timeoutSeconds) throws SQLException {
if (fastFailValidation && fatalSqlExceptionThrown) {
throw new SQLException(Utils.getMessage(""poolableConnection.validate.fastFail""));
}
if (sql == null || sql.isEmpty()) {
if (timeoutSeconds < 0) {
timeoutSeconds = 0;
}
if (!isValid(timeoutSeconds)) {
throw new SQLException(""isValid() returned false"");
}
return;
}
if (!sql.equals(lastValidationSql)) {
lastValidationSql = sql;
validationPreparedStatement = getInnermostDelegateInternal().prepareStatement(sql);
}
if (timeoutSeconds > 0) {
validationPreparedStatement.setQueryTimeout(timeoutSeconds);
}
try (ResultSet rs = validationPreparedStatement.executeQuery()) {
if (!rs.next()) {
throw new SQLException(""validationQuery didn't return a row"");
}
} catch (final SQLException sqle) {
throw sqle;
}
}"
BAD_PRACTICE,DE_MIGHT_IGNORE,FP,3,19,dbcp,116,"} catch (final Exception ie) {
","@Override
public synchronized void close() throws SQLException {
if (isClosedInternal()) {
return;
}
boolean isUnderlyingConnectionClosed;
try {
isUnderlyingConnectionClosed = getDelegateInternal().isClosed();
} catch (final SQLException e) {
try {
pool.invalidateObject(this);
} catch (final IllegalStateException ise) {
passivate();
getInnermostDelegate().close();
} catch (final Exception ie) {
}
throw new SQLException(""Cannot close connection (isClosed check failed)"", e);
}
if (isUnderlyingConnectionClosed) {
// Abnormal close: underlying connection closed unexpectedly, so we
try {
pool.invalidateObject(this);
} catch (final IllegalStateException e) {
passivate();
getInnermostDelegate().close();
} catch (final Exception e) {
throw new SQLException(""Cannot close connection (invalidating pooled object failed)"", e);
}
} else {
// Normal close: underlying connection is still open, so we
try {
pool.returnObject(this);
} catch (final IllegalStateException e) {
passivate();
getInnermostDelegate().close();
} catch (final SQLException | RuntimeException e) {
throw e;
} catch (final Exception e) {
throw new SQLException(""Cannot close connection (return to pool failed)"", e);
}
}
}"
SECURITY,SQL_NONCONSTANT_STRING_PASSED_TO_EXECUTE,FP,3,15,dbcp,117,"stmt.execute(sql);
","protected void initializeConnection(final Connection conn) throws SQLException {
final Collection<String> sqls = connectionInitSqls;
if (conn.isClosed()) {
throw new SQLException(""initializeConnection: connection closed"");
}
if (null != sqls) {
try (Statement stmt = conn.createStatement()) {
for (final String sql : sqls) {
Objects.requireNonNull(sql, ""null connectionInitSqls element"");
stmt.execute(sql);
}
}
}
}"
SECURITY,SQL_PREPARED_STATEMENT_GENERATED_FROM_NONCONSTANT_STRING,FP,3,15,dbcp,118,"conn.validate(validationQuery, validationQueryTimeoutSeconds);
","public void validateConnection(final PoolableConnection conn) throws SQLException {
if (conn.isClosed()) {
throw new SQLException(""validateConnection: connection closed"");
}
conn.validate(validationQuery, validationQueryTimeoutSeconds);
}"
DODGY_CODE,PZLA_PREFER_ZERO_LENGTH_ARRAYS,FP,3,20,dbcp,122,"return value != null ? value.toCharArray() : null;
","public static char[] toCharArray(final String value) {
return value != null ? value.toCharArray() : null;
}"
BAD_PRACTICE,DE_MIGHT_IGNORE,FP,3,19,dbcp,124,"} catch (final Exception e) {
","@Deprecated
public static void closeQuietly(final Statement statement) {
if (statement != null) {
try {
statement.close();
} catch (final Exception e) {
}
}
}"
BAD_PRACTICE,DE_MIGHT_IGNORE,FP,3,19,dbcp,125,"} catch (final Exception e) {
","public static void closeQuietly(final AutoCloseable autoCloseable) {
if (autoCloseable != null) {
try {
autoCloseable.close();
} catch (final Exception e) {
}
}
}"
MALICIOUS_CODE,MS_MUTABLE_COLLECTION_PKGPROTECT,FP,2,18,dbcp,126,public static final Set<String> DISCONNECTION_SQL_CODES;,public static final Set<String> DISCONNECTION_SQL_CODES;
BAD_PRACTICE,DE_MIGHT_IGNORE,FP,3,19,dbcp,127,"} catch (final Exception e) {
","@Deprecated
public static void closeQuietly(final ResultSet resultSet) {
if (resultSet != null) {
try {
resultSet.close();
} catch (final Exception e) {
}
}
}"
SECURITY,SQL_PREPARED_STATEMENT_GENERATED_FROM_NONCONSTANT_STRING,FP,3,15,dbcp,128,"pooledConnection.prepareStatement(sql, resultSetType, resultSetConcurrency));
","@Override
public PreparedStatement prepareStatement(final String sql, final int resultSetType, final int resultSetConcurrency) throws SQLException {
checkOpen();
try {
return new DelegatingPreparedStatement(this, pooledConnection.prepareStatement(sql, resultSetType, resultSetConcurrency));
} catch (final SQLException e) {
handleException(e);
return null;
}
}"
SECURITY,SQL_PREPARED_STATEMENT_GENERATED_FROM_NONCONSTANT_STRING,FP,3,15,dbcp,130,"return new DelegatingPreparedStatement(this, pooledConnection.prepareStatement(sql, columnNames));
","@Override
public PreparedStatement prepareStatement(final String sql, final String[] columnNames) throws SQLException {
checkOpen();
try {
return new DelegatingPreparedStatement(this, pooledConnection.prepareStatement(sql, columnNames));
} catch (final SQLException e) {
handleException(e);
return null;
}
}"
SECURITY,SQL_PREPARED_STATEMENT_GENERATED_FROM_NONCONSTANT_STRING,FP,3,15,dbcp,131,"return new DelegatingPreparedStatement(this, pooledConnection.prepareStatement(sql));
","@Override
public PreparedStatement prepareStatement(final String sql) throws SQLException {
checkOpen();
try {
return new DelegatingPreparedStatement(this, pooledConnection.prepareStatement(sql));
} catch (final SQLException e) {
handleException(e);
return null;
}
}"
SECURITY,SQL_PREPARED_STATEMENT_GENERATED_FROM_NONCONSTANT_STRING,FP,3,15,dbcp,132,"pooledConnection.prepareStatement(sql, resultSetType, resultSetConcurrency, resultSetHoldability));
","@Override
public PreparedStatement prepareStatement(final String sql, final int resultSetType, final int resultSetConcurrency, final int resultSetHoldability) throws SQLException {
checkOpen();
try {
return new DelegatingPreparedStatement(this, pooledConnection.prepareStatement(sql, resultSetType, resultSetConcurrency, resultSetHoldability));
} catch (final SQLException e) {
handleException(e);
return null;
}
}"
SECURITY,SQL_PREPARED_STATEMENT_GENERATED_FROM_NONCONSTANT_STRING,FP,3,15,dbcp,133,"return new DelegatingPreparedStatement(this, pooledConnection.prepareStatement(sql, columnIndexes));
","@Override
public PreparedStatement prepareStatement(final String sql, final int[] columnIndexes) throws SQLException {
checkOpen();
try {
return new DelegatingPreparedStatement(this, pooledConnection.prepareStatement(sql, columnIndexes));
} catch (final SQLException e) {
handleException(e);
return null;
}
}"
SECURITY,SQL_PREPARED_STATEMENT_GENERATED_FROM_NONCONSTANT_STRING,FP,3,15,dbcp,134,"return connection.prepareStatement(sql, resultSetType, resultSetConcurrency, resultSetHoldability);
","PreparedStatement prepareStatement(final String sql, final int resultSetType, final int resultSetConcurrency, final int resultSetHoldability) throws SQLException {
if (pStmtPool == null) {
return connection.prepareStatement(sql, resultSetType, resultSetConcurrency, resultSetHoldability);
}
try {
return pStmtPool.borrowObject(createKey(sql, resultSetType, resultSetConcurrency, resultSetHoldability));
} catch (final RuntimeException e) {
throw e;
} catch (final Exception e) {
throw new SQLException(""Borrow prepareStatement from pool failed"", e);
}
}"
BAD_PRACTICE,DE_MIGHT_IGNORE,FP,3,19,dbcp,136,"} catch (final Exception ignored) {
","@Override
protected void finalize() throws Throwable {
try {
connection.close();
} catch (final Exception ignored) {
}
if (logicalConnection != null && !logicalConnection.isClosed()) {
throw new SQLException(""PooledConnection was gc'ed, without its last Connection being closed."");
}
}"
SECURITY,SQL_PREPARED_STATEMENT_GENERATED_FROM_NONCONSTANT_STRING,FP,3,15,dbcp,137,"return connection.prepareStatement(sql, autoGeneratedKeys);
","PreparedStatement prepareStatement(final String sql, final int autoGeneratedKeys) throws SQLException {
if (pStmtPool == null) {
return connection.prepareStatement(sql, autoGeneratedKeys);
}
try {
return pStmtPool.borrowObject(createKey(sql, autoGeneratedKeys));
} catch (final RuntimeException e) {
throw e;
} catch (final Exception e) {
throw new SQLException(""Borrow prepareStatement from pool failed"", e);
}
}"
SECURITY,SQL_PREPARED_STATEMENT_GENERATED_FROM_NONCONSTANT_STRING,FP,3,15,dbcp,138,"return connection.prepareStatement(sql);
","PreparedStatement prepareStatement(final String sql) throws SQLException {
if (pStmtPool == null) {
return connection.prepareStatement(sql);
}
try {
return pStmtPool.borrowObject(createKey(sql));
} catch (final RuntimeException e) {
throw e;
} catch (final Exception e) {
throw new SQLException(""Borrow prepareStatement from pool failed"", e);
}
}"
SECURITY,SQL_PREPARED_STATEMENT_GENERATED_FROM_NONCONSTANT_STRING,FP,3,15,dbcp,139,"return connection.prepareStatement(sql, resultSetType, resultSetConcurrency);
","PreparedStatement prepareStatement(final String sql, final int resultSetType, final int resultSetConcurrency) throws SQLException {
if (pStmtPool == null) {
return connection.prepareStatement(sql, resultSetType, resultSetConcurrency);
}
try {
return pStmtPool.borrowObject(createKey(sql, resultSetType, resultSetConcurrency));
} catch (final RuntimeException e) {
throw e;
} catch (final Exception e) {
throw new SQLException(""Borrow prepareStatement from pool failed"", e);
}
}"
SECURITY,SQL_PREPARED_STATEMENT_GENERATED_FROM_NONCONSTANT_STRING,FP,3,15,dbcp,140,"return connection.prepareStatement(sql, columnNames);
","PreparedStatement prepareStatement(final String sql, final String[] columnNames) throws SQLException {
if (pStmtPool == null) {
return connection.prepareStatement(sql, columnNames);
}
try {
return pStmtPool.borrowObject(createKey(sql, columnNames));
} catch (final RuntimeException e) {
throw e;
} catch (final Exception e) {
throw new SQLException(""Borrow prepareStatement from pool failed"", e);
}
}"
DODGY_CODE,REC_CATCH_EXCEPTION,FP,3,20,dbcp,146,"} catch (final Exception e) {
","@Override
public boolean validateObject(final UserPassKey key, final PooledObject<PooledConnectionAndInfo> pooledObject) {
try {
validateLifetime(pooledObject);
} catch (final Exception e) {
return false;
}
boolean valid = false;
final PooledConnection pconn = pooledObject.getObject().getPooledConnection();
Connection conn = null;
validatingSet.add(pconn);
if (null == validationQuery) {
int timeoutSeconds = validationQueryTimeoutSeconds;
if (timeoutSeconds < 0) {
timeoutSeconds = 0;
}
try {
conn = pconn.getConnection();
valid = conn.isValid(timeoutSeconds);
} catch (final SQLException e) {
valid = false;
} finally {
Utils.closeQuietly(conn);
validatingSet.remove(pconn);
}
} else {
Statement stmt = null;
ResultSet rset = null;
validatingSet.add(pconn);
try {
conn = pconn.getConnection();
stmt = conn.createStatement();
rset = stmt.executeQuery(validationQuery);
valid = rset.next();
if (rollbackAfterValidation) {
conn.rollback();
}
} catch (final Exception e) {
valid = false;
} finally {
Utils.closeQuietly(rset);
Utils.closeQuietly(stmt);
Utils.closeQuietly(conn);
validatingSet.remove(pconn);
}
}
return valid;
}"
PERFORMANCE,SIC_INNER_SHOULD_BE_STATIC_ANON,FP,3,20,dbcp,149,"xaConnection.addConnectionEventListener(new ConnectionEventListener() {
@Override
public void connectionClosed(final ConnectionEvent event) {
final PooledConnection pc = (PooledConnection) event.getSource();
pc.removeConnectionEventListener(this);
try {
pc.close();
} catch (final SQLException e) {
System.err.println(""Failed to close XAConnection"");
e.printStackTrace();
}
}
@Override
public void connectionErrorOccurred(final ConnectionEvent event) {
connectionClosed(event);
}
","public XADataSource getXaDataSource() {
return xaDataSource;
}"
DODGY_CODE,UWF_FIELD_NOT_INITIALIZED_IN_CONSTRUCTOR,FP,3,20,dbcp,150,"if (!this.currentXid.equals(xid)) {
","@Override
public synchronized void rollback(final Xid xid) throws XAException {
Objects.requireNonNull(xid, ""xid is null"");
if (!this.currentXid.equals(xid)) {
throw new XAException(""Invalid Xid: expected "" + this.currentXid + "", but was "" + xid);
}
try {
connection.rollback();
} catch (final SQLException e) {
throw (XAException) new XAException().initCause(e);
} finally {
try {
connection.setAutoCommit(originalAutoCommit);
} catch (final SQLException e) {
}
this.currentXid = null;
}
}"
DODGY_CODE,UWF_FIELD_NOT_INITIALIZED_IN_CONSTRUCTOR,FP,3,20,dbcp,151,"if (!this.currentXid.equals(xid)) {
","@Override
public synchronized void end(final Xid xid, final int flag) throws XAException {
Objects.requireNonNull(xid, ""xid is null"");
if (!this.currentXid.equals(xid)) {
throw new XAException(""Invalid Xid: expected "" + this.currentXid + "", but was "" + xid);
}
}"
BAD_PRACTICE,DE_MIGHT_IGNORE,FP,3,19,dbcp,152,"} catch (final Exception ignore) {
","private void updateTransactionStatus() throws SQLException {
if (transactionContext != null && !transactionContext.isTransactionComplete()) {
if (transactionContext.isActive()) {
if (transactionContext != transactionRegistry.getActiveTransactionContext()) {
throw new SQLException(""Connection can not be used while enlisted in another transaction"");
}
return;
}
transactionComplete();
}
transactionContext = transactionRegistry.getActiveTransactionContext();
if (transactionContext != null && transactionContext.getSharedConnection() != null) {
@SuppressWarnings(""resource"")
final C connection = getDelegateInternal();
setDelegate(null);
if (connection != null && transactionContext.getSharedConnection() != connection) {
try {
pool.returnObject(connection);
} catch (final Exception ignored) {
try {
pool.invalidateObject(connection);
} catch (final Exception ignore) {
}
}
}
transactionContext.addTransactionContextListener(new CompletionListener());
@SuppressWarnings(""unchecked"")
final C shared = (C) transactionContext.getSharedConnection();
setDelegate(shared);
isSharedConnection = true;
} else {
C connection = getDelegateInternal();
if (connection == null) {
try {
connection = pool.borrowObject();
setDelegate(connection);
} catch (final Exception e) {
throw new SQLException(""Unable to acquire a new connection from the pool"", e);
}
}
if (transactionContext != null) {
transactionContext.addTransactionContextListener(new CompletionListener());
try {
transactionContext.setSharedConnection(connection);
} catch (final SQLException e) {
transactionContext = null;
try {
pool.invalidateObject(connection);
} catch (final Exception e1) {
}
throw e;
}
}
}
clearCachedState();
}"
BAD_PRACTICE,NM_CONFUSING,FP,3,19,dbcp,153,"return this.userName;
","@Override
public String getUsername() {
return this.userName;
}"
BAD_PRACTICE,NM_CONFUSING,FP,3,19,dbcp,154,"return this.connectionString;
","@Override
public synchronized String getUrl() {
return this.connectionString;
}"
DODGY_CODE,REC_CATCH_EXCEPTION,FP,3,20,dbcp,155,"} catch (final Exception t) {
","static ConnectionFactory createConnectionFactory(final BasicDataSource basicDataSource, final Driver driver) throws SQLException {
final Properties connectionProperties = basicDataSource.getConnectionProperties();
final String url = basicDataSource.getUrl();
final String user = basicDataSource.getUsername();
if (user != null) {
connectionProperties.put(Constants.KEY_USER, user);
} else {
basicDataSource.log(String.format(""DBCP DataSource configured without a '%s'"", Constants.KEY_USER));
}
final String pwd = basicDataSource.getPassword();
if (pwd != null) {
connectionProperties.put(Constants.KEY_PASSWORD, pwd);
} else {
basicDataSource.log(String.format(""DBCP DataSource configured without a '%s'"", Constants.KEY_PASSWORD));
}
final String connectionFactoryClassName = basicDataSource.getConnectionFactoryClassName();
if (connectionFactoryClassName != null) {
try {
final Class<?> connectionFactoryFromCCL = Class.forName(connectionFactoryClassName);
return (ConnectionFactory) connectionFactoryFromCCL.getConstructor(Driver.class, String.class, Properties.class).newInstance(driver, url, connectionProperties);
} catch (final Exception t) {
final String message = ""Cannot load ConnectionFactory implementation '"" + connectionFactoryClassName + ""'"";
basicDataSource.log(message, t);
throw new SQLException(message, t);
}
}
return new DriverConnectionFactory(driver, url, connectionProperties);
}"
DODGY_CODE,PZLA_PREFER_ZERO_LENGTH_ARRAYS,FP,3,20,dbcp,156,"return null;
","@Override
public byte[] getBytes(final int parameterIndex) throws SQLException {
checkOpen();
try {
return getDelegateCallableStatement().getBytes(parameterIndex);
} catch (final SQLException e) {
handleException(e);
return null;
}
}"
DODGY_CODE,PZLA_PREFER_ZERO_LENGTH_ARRAYS,FP,3,20,dbcp,157,"return null;
","@Override
public byte[] getBytes(final String parameterName) throws SQLException {
checkOpen();
try {
return getDelegateCallableStatement().getBytes(parameterName);
} catch (final SQLException e) {
handleException(e);
return null;
}
}"
SECURITY,SQL_PREPARED_STATEMENT_GENERATED_FROM_NONCONSTANT_STRING,FP,3,15,dbcp,158,"connection.prepareStatement(sql, resultSetType, resultSetConcurrency, resultSetHoldability)));
","@SuppressWarnings(""resource"")
@Override
public PreparedStatement prepareStatement(final String sql, final int resultSetType, final int resultSetConcurrency, final int resultSetHoldability) throws SQLException {
checkOpen();
try {
return init(new DelegatingPreparedStatement(this, connection.prepareStatement(sql, resultSetType, resultSetConcurrency, resultSetHoldability)));
} catch (final SQLException e) {
handleException(e);
return null;
}
}"
CORRECTNESS,NP_NONNULL_RETURN_VIOLATION,FP,1,6,dbcp,159,"return null;
","@SuppressWarnings(""resource"")
@Override
public PreparedStatement prepareStatement(final String sql) throws SQLException {
checkOpen();
try {
return init(new DelegatingPreparedStatement(this, connection.prepareStatement(sql)));
} catch (final SQLException e) {
handleException(e);
return null;
}
}"
SECURITY,SQL_PREPARED_STATEMENT_GENERATED_FROM_NONCONSTANT_STRING,FP,3,15,dbcp,160,"return init(new DelegatingPreparedStatement(this, connection.prepareStatement(sql, columnNames)));
","@SuppressWarnings(""resource"")
@Override
public PreparedStatement prepareStatement(final String sql, final String[] columnNames) throws SQLException {
checkOpen();
try {
return init(new DelegatingPreparedStatement(this, connection.prepareStatement(sql, columnNames)));
} catch (final SQLException e) {
handleException(e);
return null;
}
}"
SECURITY,SQL_PREPARED_STATEMENT_GENERATED_FROM_NONCONSTANT_STRING,FP,3,15,dbcp,161,"return init(new DelegatingPreparedStatement(this, connection.prepareStatement(sql)));
","@SuppressWarnings(""resource"")
@Override
public PreparedStatement prepareStatement(final String sql) throws SQLException {
checkOpen();
try {
return init(new DelegatingPreparedStatement(this, connection.prepareStatement(sql)));
} catch (final SQLException e) {
handleException(e);
return null;
}
}"
SECURITY,SQL_PREPARED_STATEMENT_GENERATED_FROM_NONCONSTANT_STRING,FP,3,15,dbcp,162,"connection.prepareStatement(sql, resultSetType, resultSetConcurrency)));
","@SuppressWarnings(""resource"")
@Override
public PreparedStatement prepareStatement(final String sql, final int resultSetType, final int resultSetConcurrency) throws SQLException {
checkOpen();
try {
return init(new DelegatingPreparedStatement(this, connection.prepareStatement(sql, resultSetType, resultSetConcurrency)));
} catch (final SQLException e) {
handleException(e);
return null;
}
}"
SECURITY,SQL_PREPARED_STATEMENT_GENERATED_FROM_NONCONSTANT_STRING,FP,3,15,dbcp,163,"return init(new DelegatingPreparedStatement(this, connection.prepareStatement(sql, autoGeneratedKeys)));
","@SuppressWarnings(""resource"")
@Override
public PreparedStatement prepareStatement(final String sql, final int autoGeneratedKeys) throws SQLException {
checkOpen();
try {
return init(new DelegatingPreparedStatement(this, connection.prepareStatement(sql, autoGeneratedKeys)));
} catch (final SQLException e) {
handleException(e);
return null;
}
}"
SECURITY,SQL_PREPARED_STATEMENT_GENERATED_FROM_NONCONSTANT_STRING,FP,3,15,dbcp,164,"return init(new DelegatingPreparedStatement(this, connection.prepareStatement(sql, columnIndexes)));
","@SuppressWarnings(""resource"")
@Override
public PreparedStatement prepareStatement(final String sql, final int[] columnIndexes) throws SQLException {
checkOpen();
try {
return init(new DelegatingPreparedStatement(this, connection.prepareStatement(sql, columnIndexes)));
} catch (final SQLException e) {
handleException(e);
return null;
}
}"
DODGY_CODE,PZLA_PREFER_ZERO_LENGTH_ARRAYS,FP,3,20,dbcp,165,"return null;
","@Override
public byte[] getBytes(final int columnIndex) throws SQLException {
try {
return resultSet.getBytes(columnIndex);
} catch (final SQLException e) {
handleException(e);
return null;
}
}"
DODGY_CODE,PZLA_PREFER_ZERO_LENGTH_ARRAYS,FP,3,20,dbcp,166,"return null;
","@Override
public byte[] getBytes(final String columnName) throws SQLException {
try {
return resultSet.getBytes(columnName);
} catch (final SQLException e) {
handleException(e);
return null;
}
}"
SECURITY,SQL_NONCONSTANT_STRING_PASSED_TO_EXECUTE,FP,3,15,dbcp,169,"statement.addBatch(sql);
","@Override
public void addBatch(final String sql) throws SQLException {
checkOpen();
try {
statement.addBatch(sql);
} catch (final SQLException e) {
handleException(e);
}
}"
DODGY_CODE,REC_CATCH_EXCEPTION,FP,3,20,dbcp,182,"} catch (final Exception t) {
","static Driver createDriver(final BasicDataSource basicDataSource) throws SQLException {
Driver driverToUse = basicDataSource.getDriver();
final String driverClassName = basicDataSource.getDriverClassName();
final ClassLoader driverClassLoader = basicDataSource.getDriverClassLoader();
final String url = basicDataSource.getUrl();
if (driverToUse == null) {
Class<?> driverFromCCL = null;
if (driverClassName != null) {
try {
try {
if (driverClassLoader == null) {
driverFromCCL = Class.forName(driverClassName);
} else {
driverFromCCL = Class.forName(driverClassName, true, driverClassLoader);
}
} catch (final ClassNotFoundException cnfe) {
driverFromCCL = Thread.currentThread().getContextClassLoader().loadClass(driverClassName);
}
} catch (final Exception t) {
final String message = ""Cannot load JDBC driver class '"" + driverClassName + ""'"";
basicDataSource.log(message, t);
throw new SQLException(message, t);
}
}
try {
if (driverFromCCL == null) {
driverToUse = DriverManager.getDriver(url);
} else {
driverToUse = (Driver) driverFromCCL.getConstructor().newInstance();
if (!driverToUse.acceptsURL(url)) {
throw new SQLException(""No suitable driver"", ""08001"");
}
}
} catch (final Exception t) {
final String message = ""Cannot create JDBC driver of class '"" + (driverClassName != null ? driverClassName : """") + ""' for connect URL '"" + url + ""'"";
basicDataSource.log(message, t);
throw new SQLException(message, t);
}
}
return driverToUse;
}"
SECURITY,SQL_PREPARED_STATEMENT_GENERATED_FROM_NONCONSTANT_STRING,FP,3,15,dbcp,183,"validationPreparedStatement = getInnermostDelegateInternal().prepareStatement(sql);
","public void validate(final String sql, Duration timeoutDuration) throws SQLException {
if (fastFailValidation && fatalSqlExceptionThrown) {
throw new SQLException(Utils.getMessage(""poolableConnection.validate.fastFail""));
}
if (sql == null || sql.isEmpty()) {
if (timeoutDuration.isNegative()) {
timeoutDuration = Duration.ZERO;
}
if (!isValid(timeoutDuration)) {
throw new SQLException(""isValid() returned false"");
}
return;
}
if (!sql.equals(lastValidationSql)) {
lastValidationSql = sql;
validationPreparedStatement = getInnermostDelegateInternal().prepareStatement(sql);
}
if (timeoutDuration.compareTo(Duration.ZERO) > 0) {
validationPreparedStatement.setQueryTimeout((int) timeoutDuration.getSeconds());
}
try (ResultSet rs = validationPreparedStatement.executeQuery()) {
if (!rs.next()) {
throw new SQLException(""validationQuery didn't return a row"");
}
} catch (final SQLException sqle) {
throw sqle;
}
}"
BAD_PRACTICE,DE_MIGHT_IGNORE,FP,3,19,dbcp,185,"} catch (final Exception ignored) {
","@Override
public synchronized void close() throws SQLException {
if (isClosedInternal()) {
return;
}
boolean isUnderlyingConnectionClosed;
try {
isUnderlyingConnectionClosed = getDelegateInternal().isClosed();
} catch (final SQLException e) {
try {
pool.invalidateObject(this);
} catch (final IllegalStateException ise) {
passivate();
getInnermostDelegate().close();
} catch (final Exception ignored) {
}
throw new SQLException(""Cannot close connection (isClosed check failed)"", e);
}
if (isUnderlyingConnectionClosed) {
// Abnormal close: underlying connection closed unexpectedly, so we
try {
pool.invalidateObject(this);
} catch (final IllegalStateException e) {
passivate();
getInnermostDelegate().close();
} catch (final Exception e) {
throw new SQLException(""Cannot close connection (invalidating pooled object failed)"", e);
}
} else {
// Normal close: underlying connection is still open, so we
try {
pool.returnObject(this);
} catch (final IllegalStateException e) {
passivate();
getInnermostDelegate().close();
} catch (final SQLException | RuntimeException e) {
throw e;
} catch (final Exception e) {
throw new SQLException(""Cannot close connection (return to pool failed)"", e);
}
}
}"
SECURITY,SQL_PREPARED_STATEMENT_GENERATED_FROM_NONCONSTANT_STRING,FP,3,15,dbcp,186,"validate(sql, Duration.ofSeconds(timeoutSeconds));
","@Deprecated
public void validate(final String sql, final int timeoutSeconds) throws SQLException {
validate(sql, Duration.ofSeconds(timeoutSeconds));
}"
SECURITY,SQL_PREPARED_STATEMENT_GENERATED_FROM_NONCONSTANT_STRING,FP,3,15,dbcp,188,"conn.validate(validationQuery, validationQueryTimeoutDuration);
","public void validateConnection(final PoolableConnection conn) throws SQLException {
if (conn.isClosed()) {
throw new SQLException(""validateConnection: connection closed"");
}
conn.validate(validationQuery, validationQueryTimeoutDuration);
}"
MALICIOUS_CODE,MS_MUTABLE_COLLECTION_PKGPROTECT,FP,2,18,dbcp,189,"protected static final HashMap<String, ObjectPool<? extends Connection>> pools = new HashMap<>();","protected static final HashMap<String, ObjectPool<? extends Connection>> pools = new HashMap<>();"
BAD_PRACTICE,DE_MIGHT_IGNORE,FP,3,19,dbcp,191,"} catch (final Exception ignored) {
","public void invalidateConnection(final Connection conn) throws SQLException {
if (!(conn instanceof PoolGuardConnectionWrapper)) {
throw new SQLException(""Invalid connection class"");
}
final PoolGuardConnectionWrapper pgconn = (PoolGuardConnectionWrapper) conn;
@SuppressWarnings(""unchecked"")
final ObjectPool<Connection> pool = (ObjectPool<Connection>) pgconn.pool;
try {
pool.invalidateObject(pgconn.getDelegateInternal());
} catch (final Exception ignored) {
}
}"
MALICIOUS_CODE,MS_MUTABLE_COLLECTION_PKGPROTECT,FP,2,18,dbcp,192,"@Deprecated
public static final Set<String> DISCONNECTION_SQL_CODES;","@Deprecated
public static final Set<String> DISCONNECTION_SQL_CODES;"
DODGY_CODE,PZLA_PREFER_ZERO_LENGTH_ARRAYS,FP,3,20,dbcp,193,"return value != null ? value.toCharArray() : null;
","public static char[] toCharArray(final String value) {
return value != null ? value.toCharArray() : null;
}"
SECURITY,SQL_PREPARED_STATEMENT_GENERATED_FROM_NONCONSTANT_STRING,FP,3,15,dbcp,194,"pooledConnection.prepareStatement(sql, resultSetType, resultSetConcurrency));
","@Override
public PreparedStatement prepareStatement(final String sql, final int resultSetType, final int resultSetConcurrency) throws SQLException {
checkOpen();
try {
return new DelegatingPreparedStatement(this, pooledConnection.prepareStatement(sql, resultSetType, resultSetConcurrency));
} catch (final SQLException e) {
handleException(e);
return null;
}
}"
SECURITY,SQL_PREPARED_STATEMENT_GENERATED_FROM_NONCONSTANT_STRING,FP,3,15,dbcp,195,"return new DelegatingPreparedStatement(this, pooledConnection.prepareStatement(sql));
","@Override
public PreparedStatement prepareStatement(final String sql) throws SQLException {
checkOpen();
try {
return new DelegatingPreparedStatement(this, pooledConnection.prepareStatement(sql));
} catch (final SQLException e) {
handleException(e);
return null;
}
}"
SECURITY,SQL_PREPARED_STATEMENT_GENERATED_FROM_NONCONSTANT_STRING,FP,3,15,dbcp,196,"pooledConnection.prepareStatement(sql, resultSetType, resultSetConcurrency, resultSetHoldability));
","@Override
public PreparedStatement prepareStatement(final String sql, final int resultSetType, final int resultSetConcurrency, final int resultSetHoldability) throws SQLException {
checkOpen();
try {
return new DelegatingPreparedStatement(this, pooledConnection.prepareStatement(sql, resultSetType, resultSetConcurrency, resultSetHoldability));
} catch (final SQLException e) {
handleException(e);
return null;
}
}"
SECURITY,SQL_PREPARED_STATEMENT_GENERATED_FROM_NONCONSTANT_STRING,FP,3,15,dbcp,197,"return new DelegatingPreparedStatement(this, pooledConnection.prepareStatement(sql, columnNames));
","@Override
public PreparedStatement prepareStatement(final String sql, final String[] columnNames) throws SQLException {
checkOpen();
try {
return new DelegatingPreparedStatement(this, pooledConnection.prepareStatement(sql, columnNames));
} catch (final SQLException e) {
handleException(e);
return null;
}
}"
SECURITY,SQL_PREPARED_STATEMENT_GENERATED_FROM_NONCONSTANT_STRING,FP,3,15,dbcp,198,"return new DelegatingPreparedStatement(this, pooledConnection.prepareStatement(sql, autoGeneratedKeys));
","@Override
public PreparedStatement prepareStatement(final String sql, final int autoGeneratedKeys) throws SQLException {
checkOpen();
try {
return new DelegatingPreparedStatement(this, pooledConnection.prepareStatement(sql, autoGeneratedKeys));
} catch (final SQLException e) {
handleException(e);
return null;
}
}"
SECURITY,SQL_PREPARED_STATEMENT_GENERATED_FROM_NONCONSTANT_STRING,FP,3,15,dbcp,199,"return new DelegatingPreparedStatement(this, pooledConnection.prepareStatement(sql, columnIndexes));
","@Override
public PreparedStatement prepareStatement(final String sql, final int[] columnIndexes) throws SQLException {
checkOpen();
try {
return new DelegatingPreparedStatement(this, pooledConnection.prepareStatement(sql, columnIndexes));
} catch (final SQLException e) {
handleException(e);
return null;
}
}"
Multithreaded correctness,IS2_INCONSISTENT_SYNC,FP,3,20,dbcp,207,private UserPassKey userPassKey;,private UserPassKey userPassKey;
DODGY_CODE,REC_CATCH_EXCEPTION,FP,3,20,dbcp,208,"} catch (final Exception e) {
","@Override
public boolean validateObject(final PooledObject<PooledConnectionAndInfo> p) {
try {
validateLifetime(p);
} catch (final Exception e) {
return false;
}
boolean valid = false;
final PooledConnection pconn = p.getObject().getPooledConnection();
Connection conn = null;
validatingSet.add(pconn);
if (null == validationQuery) {
Duration timeoutDuration = validationQueryTimeoutDuration;
if (timeoutDuration.isNegative()) {
timeoutDuration = Duration.ZERO;
}
try {
conn = pconn.getConnection();
valid = conn.isValid((int) timeoutDuration.getSeconds());
} catch (final SQLException e) {
valid = false;
} finally {
Utils.closeQuietly((AutoCloseable) conn);
validatingSet.remove(pconn);
}
} else {
Statement stmt = null;
ResultSet rset = null;
validatingSet.add(pconn);
try {
conn = pconn.getConnection();
stmt = conn.createStatement();
rset = stmt.executeQuery(validationQuery);
valid = rset.next();
if (rollbackAfterValidation) {
conn.rollback();
}
} catch (final Exception e) {
valid = false;
} finally {
Utils.closeQuietly((AutoCloseable) rset);
Utils.closeQuietly((AutoCloseable) stmt);
Utils.closeQuietly((AutoCloseable) conn);
validatingSet.remove(pconn);
}
}
return valid;
}"
SECURITY,SQL_NONCONSTANT_STRING_PASSED_TO_EXECUTE,FP,3,15,dbcp,209,"rset = stmt.executeQuery(validationQuery);
","@Override
public boolean validateObject(final PooledObject<PooledConnectionAndInfo> p) {
try {
validateLifetime(p);
} catch (final Exception e) {
return false;
}
boolean valid = false;
final PooledConnection pconn = p.getObject().getPooledConnection();
Connection conn = null;
validatingSet.add(pconn);
if (null == validationQuery) {
Duration timeoutDuration = validationQueryTimeoutDuration;
if (timeoutDuration.isNegative()) {
timeoutDuration = Duration.ZERO;
}
try {
conn = pconn.getConnection();
valid = conn.isValid((int) timeoutDuration.getSeconds());
} catch (final SQLException e) {
valid = false;
} finally {
Utils.closeQuietly((AutoCloseable) conn);
validatingSet.remove(pconn);
}
} else {
Statement stmt = null;
ResultSet rset = null;
validatingSet.add(pconn);
try {
conn = pconn.getConnection();
stmt = conn.createStatement();
rset = stmt.executeQuery(validationQuery);
valid = rset.next();
if (rollbackAfterValidation) {
conn.rollback();
}
} catch (final Exception e) {
valid = false;
} finally {
Utils.closeQuietly((AutoCloseable) rset);
Utils.closeQuietly((AutoCloseable) stmt);
Utils.closeQuietly((AutoCloseable) conn);
validatingSet.remove(pconn);
}
}
return valid;
}"
DODGY_CODE,NP_LOAD_OF_KNOWN_NULL_VALUE,FP,3,19,dbcp,210,"closeDueToException(info);
","@Override
public Connection getConnection(final String userName, final String userPassword) throws SQLException {
if (instanceKey == null) {
throw new SQLException(""Must set the ConnectionPoolDataSource "" + ""through setDataSourceName or setConnectionPoolDataSource"" + "" before calling getConnection."");
}
getConnectionCalled = true;
PooledConnectionAndInfo info = null;
try {
info = getPooledConnectionAndInfo(userName, userPassword);
} catch (final RuntimeException | SQLException e) {
closeDueToException(info);
throw e;
} catch (final Exception e) {
closeDueToException(info);
throw new SQLException(""Cannot borrow connection from pool"", e);
}
if (!(null == userPassword ? null == info.getPassword() : userPassword.equals(info.getPassword()))) {
try {
testCPDS(userName, userPassword);
} catch (final SQLException ex) {
closeDueToException(info);
throw new SQLException(""Given password did not match password used"" + "" to create the PooledConnection."", ex);
} catch (final javax.naming.NamingException ne) {
throw new SQLException(""NamingException encountered connecting to database"", ne);
}
final UserPassKey upkey = info.getUserPassKey();
final PooledConnectionManager manager = getConnectionManager(upkey);
manager.invalidate(info.getPooledConnection());
manager.setPassword(upkey.getPassword());
info = null;
for (int i = 0; i < 10; i++) {
try {
info = getPooledConnectionAndInfo(userName, userPassword);
} catch (final RuntimeException | SQLException e) {
closeDueToException(info);
throw e;
} catch (final Exception e) {
closeDueToException(info);
throw new SQLException(""Cannot borrow connection from pool"", e);
}
if (info != null && userPassword != null && userPassword.equals(info.getPassword())) {
break;
}
if (info != null) {
manager.invalidate(info.getPooledConnection());
}
info = null;
}
if (info == null) {
throw new SQLException(""Cannot borrow connection from pool - password change failure."");
}
}
final Connection connection = info.getPooledConnection().getConnection();
try {
setupDefaults(connection, userName);
connection.clearWarnings();
return connection;
} catch (final SQLException ex) {
Utils.close(connection, e -> getLogWriter().println(""ignoring exception during close: "" + e));
throw ex;
}
}"
SECURITY,SQL_NONCONSTANT_STRING_PASSED_TO_EXECUTE,FP,3,15,dbcp,211,"rset = stmt.executeQuery(validationQuery);
","@Override
public boolean validateObject(final UserPassKey key, final PooledObject<PooledConnectionAndInfo> pooledObject) {
try {
validateLifetime(pooledObject);
} catch (final Exception e) {
return false;
}
boolean valid = false;
final PooledConnection pooledConn = pooledObject.getObject().getPooledConnection();
Connection conn = null;
validatingSet.add(pooledConn);
if (null == validationQuery) {
Duration timeoutDuration = validationQueryTimeoutDuration;
if (timeoutDuration.isNegative()) {
timeoutDuration = Duration.ZERO;
}
try {
conn = pooledConn.getConnection();
valid = conn.isValid((int) timeoutDuration.getSeconds());
} catch (final SQLException e) {
valid = false;
} finally {
Utils.closeQuietly((AutoCloseable) conn);
validatingSet.remove(pooledConn);
}
} else {
Statement stmt = null;
ResultSet rset = null;
validatingSet.add(pooledConn);
try {
conn = pooledConn.getConnection();
stmt = conn.createStatement();
rset = stmt.executeQuery(validationQuery);
valid = rset.next();
if (rollbackAfterValidation) {
conn.rollback();
}
} catch (final Exception e) {
valid = false;
} finally {
Utils.closeQuietly((AutoCloseable) rset);
Utils.closeQuietly((AutoCloseable) stmt);
Utils.closeQuietly((AutoCloseable) conn);
validatingSet.remove(pooledConn);
}
}
return valid;
}"
DODGY_CODE,REC_CATCH_EXCEPTION,FP,3,20,dbcp,212,"} catch (final Exception e) {
","@Override
public boolean validateObject(final UserPassKey key, final PooledObject<PooledConnectionAndInfo> pooledObject) {
try {
validateLifetime(pooledObject);
} catch (final Exception e) {
return false;
}
boolean valid = false;
final PooledConnection pooledConn = pooledObject.getObject().getPooledConnection();
Connection conn = null;
validatingSet.add(pooledConn);
if (null == validationQuery) {
Duration timeoutDuration = validationQueryTimeoutDuration;
if (timeoutDuration.isNegative()) {
timeoutDuration = Duration.ZERO;
}
try {
conn = pooledConn.getConnection();
valid = conn.isValid((int) timeoutDuration.getSeconds());
} catch (final SQLException e) {
valid = false;
} finally {
Utils.closeQuietly((AutoCloseable) conn);
validatingSet.remove(pooledConn);
}
} else {
Statement stmt = null;
ResultSet rset = null;
validatingSet.add(pooledConn);
try {
conn = pooledConn.getConnection();
stmt = conn.createStatement();
rset = stmt.executeQuery(validationQuery);
valid = rset.next();
if (rollbackAfterValidation) {
conn.rollback();
}
} catch (final Exception e) {
valid = false;
} finally {
Utils.closeQuietly((AutoCloseable) rset);
Utils.closeQuietly((AutoCloseable) stmt);
Utils.closeQuietly((AutoCloseable) conn);
validatingSet.remove(pooledConn);
}
}
return valid;
}"
BAD_PRACTICE,DE_MIGHT_IGNORE,FP,3,19,dbcp,213,"} catch (final Exception ignored) {
","private void updateTransactionStatus() throws SQLException {
if (transactionContext != null && !transactionContext.isTransactionComplete()) {
if (transactionContext.isActive()) {
if (transactionContext != transactionRegistry.getActiveTransactionContext()) {
throw new SQLException(""Connection can not be used while enlisted in another transaction"");
}
return;
}
transactionComplete();
}
transactionContext = transactionRegistry.getActiveTransactionContext();
if (transactionContext != null && transactionContext.getSharedConnection() != null) {
@SuppressWarnings(""resource"")
final C connection = getDelegateInternal();
setDelegate(null);
if (connection != null && transactionContext.getSharedConnection() != connection) {
try {
pool.returnObject(connection);
} catch (final Exception e) {
try {
pool.invalidateObject(connection);
} catch (final Exception ignored) {
}
}
}
transactionContext.addTransactionContextListener(new CompletionListener());
@SuppressWarnings(""unchecked"")
final C shared = (C) transactionContext.getSharedConnection();
setDelegate(shared);
isSharedConnection = true;
} else {
C connection = getDelegateInternal();
if (connection == null) {
try {
connection = pool.borrowObject();
setDelegate(connection);
} catch (final Exception e) {
throw new SQLException(""Unable to acquire a new connection from the pool"", e);
}
}
if (transactionContext != null) {
transactionContext.addTransactionContextListener(new CompletionListener());
try {
transactionContext.setSharedConnection(connection);
} catch (final SQLException e) {
transactionContext = null;
try {
pool.invalidateObject(connection);
} catch (final Exception ignored) {
}
throw e;
}
}
}
clearCachedState();
}"
BAD_PRACTICE,DE_MIGHT_IGNORE,FP,3,19,dbcp,425,"} catch (final Exception e) {
","@Deprecated
public static void closeQuietly(final Connection connection) {
if (connection != null) {
try {
connection.close();
} catch (final Exception e) {
}
}
}"
BAD_PRACTICE,DE_MIGHT_IGNORE,FP,3,19,dbcp,426,"} catch (final Exception ignored) {
","public void clear() {
for (final PooledConnectionManager manager : managers.values()) {
try {
getCPDSConnectionFactoryPool(manager).clear();
} catch (final Exception ignored) {
}
}
InstanceKeyDataSourceFactory.removeInstance(getInstanceKey());
}"
DODGY_CODE,UWF_FIELD_NOT_INITIALIZED_IN_CONSTRUCTOR,FP,3,20,dbcp,427,"if (!this.currentXid.equals(xid)) {
","@Override
public synchronized void end(final Xid xid, final int flag) throws XAException {
Objects.requireNonNull(xid, ""xid"");
if (!this.currentXid.equals(xid)) {
throw new XAException(""Invalid Xid: expected "" + this.currentXid + "", but was "" + xid);
}
}"
SECURITY,SQL_NONCONSTANT_STRING_PASSED_TO_EXECUTE,FP,3,15,dbcp,428,"return DelegatingResultSet.wrapResultSet(this, statement.executeQuery(sql));
","@SuppressWarnings(""resource"")
@Override
public ResultSet executeQuery(final String sql) throws SQLException {
checkOpen();
setLastUsedInParent();
try {
return DelegatingResultSet.wrapResultSet(this, statement.executeQuery(sql));
} catch (final SQLException e) {
handleException(e);
throw new AssertionError();
}
}"
BAD_PRACTICE,DE_MIGHT_IGNORE,FP,3,19,dbcp,430,"} catch (final Exception e) {
","@Deprecated
public static void closeQuietly(final Statement statement) {
if (statement != null) {
try {
statement.close();
} catch (final Exception e) {
}
}
}"
SECURITY,SQL_PREPARED_STATEMENT_GENERATED_FROM_NONCONSTANT_STRING,FP,3,15,dbcp,431,"connection.prepareStatement(sql, resultSetType, resultSetConcurrency, resultSetHoldability));
","@Override
public PreparedStatement prepareStatement(final String sql, final int resultSetType, final int resultSetConcurrency, final int resultSetHoldability) throws SQLException {
checkOpen();
try {
final DelegatingPreparedStatement dps = new DelegatingPreparedStatement(this, connection.prepareStatement(sql, resultSetType, resultSetConcurrency, resultSetHoldability));
initializeStatement(dps);
return dps;
} catch (final SQLException e) {
handleException(e);
return null;
}
}"
DODGY_CODE,NP_LOAD_OF_KNOWN_NULL_VALUE,FP,3,19,dbcp,432,"closeDueToException(info);
","@Override
public Connection getConnection(final String userName, final String userPassword) throws SQLException {
if (instanceKey == null) {
throw new SQLException(""Must set the ConnectionPoolDataSource "" + ""through setDataSourceName or setConnectionPoolDataSource"" + "" before calling getConnection."");
}
getConnectionCalled = true;
PooledConnectionAndInfo info = null;
try {
info = getPooledConnectionAndInfo(userName, userPassword);
} catch (final NoSuchElementException e) {
closeDueToException(info);
throw new SQLException(""Cannot borrow connection from pool"", e);
} catch (final RuntimeException | SQLException e) {
closeDueToException(info);
throw e;
} catch (final Exception e) {
closeDueToException(info);
throw new SQLException(""Cannot borrow connection from pool"", e);
}
if (!(null == userPassword ? null == info.getPassword() : userPassword.equals(info.getPassword()))) {
try {
testCPDS(userName, userPassword);
} catch (final SQLException ex) {
closeDueToException(info);
throw new SQLException(""Given password did not match password used"" + "" to create the PooledConnection."", ex);
} catch (final javax.naming.NamingException ne) {
throw new SQLException(""NamingException encountered connecting to database"", ne);
}
final UserPassKey upkey = info.getUserPassKey();
final PooledConnectionManager manager = getConnectionManager(upkey);
manager.invalidate(info.getPooledConnection());
manager.setPassword(upkey.getPassword());
info = null;
for (int i = 0; i < 10; i++) {
try {
info = getPooledConnectionAndInfo(userName, userPassword);
} catch (final NoSuchElementException e) {
closeDueToException(info);
throw new SQLException(""Cannot borrow connection from pool"", e);
} catch (final RuntimeException | SQLException e) {
closeDueToException(info);
throw e;
} catch (final Exception e) {
closeDueToException(info);
throw new SQLException(""Cannot borrow connection from pool"", e);
}
if (info != null && userPassword != null && userPassword.equals(info.getPassword())) {
break;
}
if (info != null) {
manager.invalidate(info.getPooledConnection());
}
info = null;
}
if (info == null) {
throw new SQLException(""Cannot borrow connection from pool - password change failure."");
}
}
final Connection con = info.getPooledConnection().getConnection();
try {
setupDefaults(con, userName);
con.clearWarnings();
return con;
} catch (final SQLException ex) {
try {
con.close();
} catch (final Exception exc) {
getLogWriter().println(""ignoring exception during close: "" + exc);
}
throw ex;
}
}"
CORRECTNESS,EC_ARRAY_AND_NONARRAY,TP,1,1,dbcp,433,"if (userName == null || !userName.equals(this.userName)) {
","@Override
public void closePool(final String userName) throws SQLException {
synchronized (this) {
if (userName == null || !userName.equals(this.userName)) {
return;
}
}
try {
pool.close();
} catch (final Exception ex) {
throw new SQLException(""Error closing connection pool"", ex);
}
}"
SECURITY,SQL_PREPARED_STATEMENT_GENERATED_FROM_NONCONSTANT_STRING,FP,3,15,dbcp,434,"connection.prepareStatement(sql, resultSetType, resultSetConcurrency));
","@Override
public PreparedStatement prepareStatement(final String sql, final int resultSetType, final int resultSetConcurrency) throws SQLException {
checkOpen();
try {
final DelegatingPreparedStatement dps = new DelegatingPreparedStatement(this, connection.prepareStatement(sql, resultSetType, resultSetConcurrency));
initializeStatement(dps);
return dps;
} catch (final SQLException e) {
handleException(e);
return null;
}
}"
PERFORMANCE,WMI_WRONG_MAP_ITERATOR,FP,2,18,dbcp,436,"stringBuilder.append(NUPROP_WARNTEXT.get(propertyName)).append("" You have set value of \"""")
","private void validatePropertyNames(final Reference ref, final Name name, final List<String> warnMessages, final List<String> infoMessages) {
final List<String> allPropsAsList = Arrays.asList(ALL_PROPERTIES);
final String nameString = name != null ? ""Name = "" + name.toString() + "" "" : """";
if (NUPROP_WARNTEXT != null && !NUPROP_WARNTEXT.isEmpty()) {
for (final String propertyName : NUPROP_WARNTEXT.keySet()) {
final RefAddr ra = ref.get(propertyName);
if (ra != null && !allPropsAsList.contains(ra.getType())) {
final StringBuilder stringBuilder = new StringBuilder(nameString);
final String propertyValue = Objects.toString(ra.getContent(), null);
stringBuilder.append(NUPROP_WARNTEXT.get(propertyName)).append("" You have set value of \"""").append(propertyValue).append(""\"" for \"""").append(propertyName).append(""\"" property, which is being ignored."");
warnMessages.add(stringBuilder.toString());
}
}
}
final Enumeration<RefAddr> allRefAddrs = ref.getAll();
while (allRefAddrs.hasMoreElements()) {
final RefAddr ra = allRefAddrs.nextElement();
final String propertyName = ra.getType();
if (!(allPropsAsList.contains(propertyName) || NUPROP_WARNTEXT.containsKey(propertyName) || SILENT_PROPERTIES.contains(propertyName))) {
final String propertyValue = Objects.toString(ra.getContent(), null);
final StringBuilder stringBuilder = new StringBuilder(nameString);
stringBuilder.append(""Ignoring unknown property: "").append(""value of \"""").append(propertyValue).append(""\"" for \"""").append(propertyName).append(""\"" property"");
infoMessages.add(stringBuilder.toString());
}
}
}"
PERFORMANCE,WMI_WRONG_MAP_ITERATOR,TP,2,18,dbcp,437,"stringBuilder.append(NUPROP_WARNTEXT.get(propertyName)).append("" You have set value of \"""")
","private void validatePropertyNames(final Reference ref, final Name name, final List<String> warnMessages, final List<String> infoMessages) {
final List<String> allPropsAsList = Arrays.asList(ALL_PROPERTIES);
final String nameString = name != null ? ""Name = "" + name.toString() + "" "" : """";
if (NUPROP_WARNTEXT != null && !NUPROP_WARNTEXT.isEmpty()) {
for (final String propertyName : NUPROP_WARNTEXT.keySet()) {
final RefAddr ra = ref.get(propertyName);
if (ra != null && !allPropsAsList.contains(ra.getType())) {
final StringBuilder stringBuilder = new StringBuilder(nameString);
final String propertyValue = Objects.toString(ra.getContent(), null);
stringBuilder.append(NUPROP_WARNTEXT.get(propertyName)).append("" You have set value of \"""").append(propertyValue).append(""\"" for \"""").append(propertyName).append(""\"" property, which is being ignored."");
warnMessages.add(stringBuilder.toString());
}
}
}
final Enumeration<RefAddr> allRefAddrs = ref.getAll();
while (allRefAddrs.hasMoreElements()) {
final RefAddr ra = allRefAddrs.nextElement();
final String propertyName = ra.getType();
if (!(allPropsAsList.contains(propertyName) || NUPROP_WARNTEXT.containsKey(propertyName) || SILENT_PROPERTIES.contains(propertyName))) {
final String propertyValue = Objects.toString(ra.getContent(), null);
final StringBuilder stringBuilder = new StringBuilder(nameString);
stringBuilder.append(""Ignoring unknown property: "").append(""value of \"""").append(propertyValue).append(""\"" for \"""").append(propertyName).append(""\"" property"");
infoMessages.add(stringBuilder.toString());
}
}
}"
SECURITY,SQL_PREPARED_STATEMENT_GENERATED_FROM_NONCONSTANT_STRING,FP,3,15,dbcp,438,"connection.prepareStatement(sql, resultSetType, resultSetConcurrency, resultSetHoldability)));
","@SuppressWarnings(""resource"")
@Override
public PreparedStatement prepareStatement(final String sql, final int resultSetType, final int resultSetConcurrency, final int resultSetHoldability) throws SQLException {
checkOpen();
try {
return init(new DelegatingPreparedStatement(this, connection.prepareStatement(sql, resultSetType, resultSetConcurrency, resultSetHoldability)));
} catch (final SQLException e) {
handleException(e);
return null;
}
}"
BAD_PRACTICE,DE_MIGHT_IGNORE,FP,3,19,dbcp,439,"} catch (final Exception e) {
","public void invalidateConnection(final Connection conn) throws SQLException {
if (conn instanceof PoolGuardConnectionWrapper) {
final PoolGuardConnectionWrapper pgconn = (PoolGuardConnectionWrapper) conn;
@SuppressWarnings(""unchecked"")
final ObjectPool<Connection> pool = (ObjectPool<Connection>) pgconn.pool;
try {
pool.invalidateObject(pgconn.getDelegateInternal());
} catch (final Exception e) {
}
} else {
throw new SQLException(""Invalid connection class"");
}
}"
SECURITY,SQL_PREPARED_STATEMENT_GENERATED_FROM_NONCONSTANT_STRING,FP,3,15,dbcp,440,"return connection.prepareStatement(sql, resultSetType, resultSetConcurrency, resultSetHoldability);
","PreparedStatement prepareStatement(final String sql, final int resultSetType, final int resultSetConcurrency, final int resultSetHoldability) throws SQLException {
if (pStmtPool == null) {
return connection.prepareStatement(sql, resultSetType, resultSetConcurrency, resultSetHoldability);
}
try {
return pStmtPool.borrowObject(createKey(sql, resultSetType, resultSetConcurrency, resultSetHoldability));
} catch (final RuntimeException e) {
throw e;
} catch (final Exception e) {
throw new SQLException(""Borrow prepareStatement from pool failed"", e);
}
}"
BAD_PRACTICE,DE_MIGHT_IGNORE,TP,3,19,dbcp,442,"} catch (final Exception ignored) {
","@Override
protected void finalize() throws Throwable {
try {
connection.close();
} catch (final Exception ignored) {
}
if (logicalConnection != null && !logicalConnection.isClosed()) {
throw new SQLException(""PooledConnection was gc'ed, without its last Connection being closed."");
}
}"
MALICIOUS_CODE,EI_EXPOSE_REP,TP,2,18,dbcp,445,"return userPassword;
","public char[] getUserPassword() {
return userPassword;
}"
SECURITY,SQL_PREPARED_STATEMENT_GENERATED_FROM_NONCONSTANT_STRING,FP,3,15,dbcp,447,"return new DelegatingPreparedStatement(this, pooledConnection.prepareStatement(sql, autoGeneratedKeys));
","@Override
public PreparedStatement prepareStatement(final String sql, final int autoGeneratedKeys) throws SQLException {
checkOpen();
try {
return new DelegatingPreparedStatement(this, pooledConnection.prepareStatement(sql, autoGeneratedKeys));
} catch (final SQLException e) {
handleException(e);
return null;
}
}"
SECURITY,SQL_PREPARED_STATEMENT_GENERATED_FROM_NONCONSTANT_STRING,FP,3,15,dbcp,448,"return connection.prepareStatement(sql, resultSetType.intValue(), resultSetConcurrency.intValue());
","@Override
public Statement createStatement(final Connection connection) throws SQLException {
return connection.prepareStatement(sql, resultSetType.intValue(), resultSetConcurrency.intValue());
}"
SECURITY,SQL_PREPARED_STATEMENT_GENERATED_FROM_NONCONSTANT_STRING,FP,3,15,dbcp,449,"return connection.prepareStatement(sql, autoGeneratedKeys);
","PreparedStatement prepareStatement(final String sql, final int autoGeneratedKeys) throws SQLException {
if (pStmtPool == null) {
return connection.prepareStatement(sql, autoGeneratedKeys);
}
try {
return pStmtPool.borrowObject(createKey(sql, autoGeneratedKeys));
} catch (final RuntimeException e) {
throw e;
} catch (final Exception e) {
throw new SQLException(""Borrow prepareStatement from pool failed"", e);
}
}"
BAD_PRACTICE,DE_MIGHT_IGNORE,TP,3,19,dbcp,450,"} catch (final Exception ignored) {
","public static void closeQuietly(final AutoCloseable autoCloseable) {
if (autoCloseable != null) {
try {
autoCloseable.close();
} catch (final Exception ignored) {
}
}
}"
SECURITY,SQL_PREPARED_STATEMENT_GENERATED_FROM_NONCONSTANT_STRING,FP,3,15,dbcp,451,"return connection.prepareStatement(sql, columnIndexes);
","PreparedStatement prepareStatement(final String sql, final int[] columnIndexes) throws SQLException {
if (pStmtPool == null) {
return connection.prepareStatement(sql, columnIndexes);
}
try {
return pStmtPool.borrowObject(createKey(sql, columnIndexes));
} catch (final RuntimeException e) {
throw e;
} catch (final Exception e) {
throw new SQLException(""Borrow prepareStatement from pool failed"", e);
}
}"
PERFORMANCE,DM_BOXED_PRIMITIVE_FOR_PARSING,TP,1,16,dbcp,452,"dataSource.setDefaultQueryTimeout(Duration.ofSeconds(Integer.valueOf(value)));
","public static BasicDataSource createDataSource(final Properties properties) throws Exception {
final BasicDataSource dataSource = new BasicDataSource();
String value = properties.getProperty(PROP_DEFAULT_AUTO_COMMIT);
if (value != null) {
dataSource.setDefaultAutoCommit(Boolean.valueOf(value));
}
value = properties.getProperty(PROP_DEFAULT_READ_ONLY);
if (value != null) {
dataSource.setDefaultReadOnly(Boolean.valueOf(value));
}
value = properties.getProperty(PROP_DEFAULT_TRANSACTION_ISOLATION);
if (value != null) {
int level = PoolableConnectionFactory.UNKNOWN_TRANSACTION_ISOLATION;
if (""NONE"".equalsIgnoreCase(value)) {
level = Connection.TRANSACTION_NONE;
} else if (""READ_COMMITTED"".equalsIgnoreCase(value)) {
level = Connection.TRANSACTION_READ_COMMITTED;
} else if (""READ_UNCOMMITTED"".equalsIgnoreCase(value)) {
level = Connection.TRANSACTION_READ_UNCOMMITTED;
} else if (""REPEATABLE_READ"".equalsIgnoreCase(value)) {
level = Connection.TRANSACTION_REPEATABLE_READ;
} else if (""SERIALIZABLE"".equalsIgnoreCase(value)) {
level = Connection.TRANSACTION_SERIALIZABLE;
} else {
try {
level = Integer.parseInt(value);
} catch (final NumberFormatException e) {
System.err.println(""Could not parse defaultTransactionIsolation: "" + value);
System.err.println(""WARNING: defaultTransactionIsolation not set"");
System.err.println(""using default value of database driver"");
level = PoolableConnectionFactory.UNKNOWN_TRANSACTION_ISOLATION;
}
}
dataSource.setDefaultTransactionIsolation(level);
}
value = properties.getProperty(PROP_DEFAULT_CATALOG);
if (value != null) {
dataSource.setDefaultCatalog(value);
}
value = properties.getProperty(PROP_DEFAULT_SCHEMA);
if (value != null) {
dataSource.setDefaultSchema(value);
}
value = properties.getProperty(PROP_CACHE_STATE);
if (value != null) {
dataSource.setCacheState(Boolean.parseBoolean(value));
}
value = properties.getProperty(PROP_DRIVER_CLASS_NAME);
if (value != null) {
dataSource.setDriverClassName(value);
}
value = properties.getProperty(PROP_LIFO);
if (value != null) {
dataSource.setLifo(Boolean.parseBoolean(value));
}
value = properties.getProperty(PROP_MAX_TOTAL);
if (value != null) {
dataSource.setMaxTotal(Integer.parseInt(value));
}
value = properties.getProperty(PROP_MAX_IDLE);
if (value != null) {
dataSource.setMaxIdle(Integer.parseInt(value));
}
value = properties.getProperty(PROP_MIN_IDLE);
if (value != null) {
dataSource.setMinIdle(Integer.parseInt(value));
}
value = properties.getProperty(PROP_INITIAL_SIZE);
if (value != null) {
dataSource.setInitialSize(Integer.parseInt(value));
}
value = properties.getProperty(PROP_MAX_WAIT_MILLIS);
if (value != null) {
dataSource.setMaxWait(Duration.ofMillis(Long.parseLong(value)));
}
value = properties.getProperty(PROP_TEST_ON_CREATE);
if (value != null) {
dataSource.setTestOnCreate(Boolean.parseBoolean(value));
}
value = properties.getProperty(PROP_TEST_ON_BORROW);
if (value != null) {
dataSource.setTestOnBorrow(Boolean.parseBoolean(value));
}
value = properties.getProperty(PROP_TEST_ON_RETURN);
if (value != null) {
dataSource.setTestOnReturn(Boolean.parseBoolean(value));
}
value = properties.getProperty(PROP_TIME_BETWEEN_EVICTION_RUNS_MILLIS);
if (value != null) {
dataSource.setDurationBetweenEvictionRuns(Duration.ofMillis(Long.parseLong(value)));
}
value = properties.getProperty(PROP_NUM_TESTS_PER_EVICTION_RUN);
if (value != null) {
dataSource.setNumTestsPerEvictionRun(Integer.parseInt(value));
}
value = properties.getProperty(PROP_MIN_EVICTABLE_IDLE_TIME_MILLIS);
if (value != null) {
dataSource.setMinEvictableIdle(Duration.ofMillis(Long.parseLong(value)));
}
value = properties.getProperty(PROP_SOFT_MIN_EVICTABLE_IDLE_TIME_MILLIS);
if (value != null) {
dataSource.setSoftMinEvictableIdle(Duration.ofMillis(Long.parseLong(value)));
}
value = properties.getProperty(PROP_EVICTION_POLICY_CLASS_NAME);
if (value != null) {
dataSource.setEvictionPolicyClassName(value);
}
value = properties.getProperty(PROP_TEST_WHILE_IDLE);
if (value != null) {
dataSource.setTestWhileIdle(Boolean.parseBoolean(value));
}
value = properties.getProperty(PROP_PASSWORD);
if (value != null) {
dataSource.setPassword(value);
}
value = properties.getProperty(PROP_URL);
if (value != null) {
dataSource.setUrl(value);
}
value = properties.getProperty(PROP_USER_NAME);
if (value != null) {
dataSource.setUsername(value);
}
value = properties.getProperty(PROP_VALIDATION_QUERY);
if (value != null) {
dataSource.setValidationQuery(value);
}
value = properties.getProperty(PROP_VALIDATION_QUERY_TIMEOUT);
if (value != null) {
dataSource.setValidationQueryTimeout(Duration.ofSeconds(Integer.parseInt(value)));
}
value = properties.getProperty(PROP_ACCESS_TO_UNDERLYING_CONNECTION_ALLOWED);
if (value != null) {
dataSource.setAccessToUnderlyingConnectionAllowed(Boolean.parseBoolean(value));
}
value = properties.getProperty(PROP_REMOVE_ABANDONED_ON_BORROW);
if (value != null) {
dataSource.setRemoveAbandonedOnBorrow(Boolean.parseBoolean(value));
}
value = properties.getProperty(PROP_REMOVE_ABANDONED_ON_MAINTENANCE);
if (value != null) {
dataSource.setRemoveAbandonedOnMaintenance(Boolean.parseBoolean(value));
}
value = properties.getProperty(PROP_REMOVE_ABANDONED_TIMEOUT);
if (value != null) {
dataSource.setRemoveAbandonedTimeout(Duration.ofSeconds(Integer.parseInt(value)));
}
value = properties.getProperty(PROP_LOG_ABANDONED);
if (value != null) {
dataSource.setLogAbandoned(Boolean.parseBoolean(value));
}
value = properties.getProperty(PROP_ABANDONED_USAGE_TRACKING);
if (value != null) {
dataSource.setAbandonedUsageTracking(Boolean.parseBoolean(value));
}
value = properties.getProperty(PROP_POOL_PREPARED_STATEMENTS);
if (value != null) {
dataSource.setPoolPreparedStatements(Boolean.parseBoolean(value));
}
value = properties.getProperty(PROP_CLEAR_STATEMENT_POOL_ON_RETURN);
if (value != null) {
dataSource.setClearStatementPoolOnReturn(Boolean.parseBoolean(value));
}
value = properties.getProperty(PROP_MAX_OPEN_PREPARED_STATEMENTS);
if (value != null) {
dataSource.setMaxOpenPreparedStatements(Integer.parseInt(value));
}
value = properties.getProperty(PROP_CONNECTION_INIT_SQLS);
if (value != null) {
dataSource.setConnectionInitSqls(parseList(value, ';'));
}
value = properties.getProperty(PROP_CONNECTION_PROPERTIES);
if (value != null) {
final Properties p = getProperties(value);
final Enumeration<?> e = p.propertyNames();
while (e.hasMoreElements()) {
final String propertyName = (String) e.nextElement();
dataSource.addConnectionProperty(propertyName, p.getProperty(propertyName));
}
}
value = properties.getProperty(PROP_MAX_CONN_LIFETIME_MILLIS);
if (value != null) {
dataSource.setMaxConn(Duration.ofMillis(Long.parseLong(value)));
}
value = properties.getProperty(PROP_LOG_EXPIRED_CONNECTIONS);
if (value != null) {
dataSource.setLogExpiredConnections(Boolean.parseBoolean(value));
}
value = properties.getProperty(PROP_JMX_NAME);
if (value != null) {
dataSource.setJmxName(value);
}
value = properties.getProperty(PROP_ENABLE_AUTO_COMMIT_ON_RETURN);
if (value != null) {
dataSource.setAutoCommitOnReturn(Boolean.parseBoolean(value));
}
value = properties.getProperty(PROP_ROLLBACK_ON_RETURN);
if (value != null) {
dataSource.setRollbackOnReturn(Boolean.parseBoolean(value));
}
value = properties.getProperty(PROP_DEFAULT_QUERY_TIMEOUT);
if (value != null) {
dataSource.setDefaultQueryTimeout(Duration.ofSeconds(Integer.valueOf(value)));
}
value = properties.getProperty(PROP_FAST_FAIL_VALIDATION);
if (value != null) {
dataSource.setFastFailValidation(Boolean.parseBoolean(value));
}
value = properties.getProperty(PROP_DISCONNECTION_SQL_CODES);
if (value != null) {
dataSource.setDisconnectionSqlCodes(parseList(value, ','));
}
value = properties.getProperty(PROP_CONNECTION_FACTORY_CLASS_NAME);
if (value != null) {
dataSource.setConnectionFactoryClassName(value);
}
if (dataSource.getInitialSize() > 0) {
dataSource.getLogWriter();
}
return dataSource;
}"
MALICIOUS_CODE,EI_EXPOSE_REP,TP,2,18,dbcp,454,"return columnNames;
","public String[] getColumnNames() {
return columnNames;
}"
SECURITY,SQL_PREPARED_STATEMENT_GENERATED_FROM_NONCONSTANT_STRING,FP,3,15,dbcp,456,"conn.validate(validationQuery, validationQueryTimeoutSeconds);
","public void validateConnection(final PoolableConnection conn) throws SQLException {
if (conn.isClosed()) {
throw new SQLException(""validateConnection: connection closed"");
}
conn.validate(validationQuery, validationQueryTimeoutSeconds);
}"
SECURITY,SQL_NONCONSTANT_STRING_PASSED_TO_EXECUTE,FP,3,15,dbcp,457,"rset = stmt.executeQuery(validationQuery);
","@Override
public boolean validateObject(final PooledObject<PooledConnectionAndInfo> p) {
try {
validateLifetime(p);
} catch (final Exception e) {
return false;
}
boolean valid = false;
final PooledConnection pconn = p.getObject().getPooledConnection();
Connection conn = null;
validatingSet.add(pconn);
if (null == validationQuery) {
int timeoutSeconds = validationQueryTimeoutSeconds;
if (timeoutSeconds < 0) {
timeoutSeconds = 0;
}
try {
conn = pconn.getConnection();
valid = conn.isValid(timeoutSeconds);
} catch (final SQLException e) {
valid = false;
} finally {
Utils.closeQuietly(conn);
validatingSet.remove(pconn);
}
} else {
Statement stmt = null;
ResultSet rset = null;
validatingSet.add(pconn);
try {
conn = pconn.getConnection();
stmt = conn.createStatement();
rset = stmt.executeQuery(validationQuery);
valid = rset.next();
if (rollbackAfterValidation) {
conn.rollback();
}
} catch (final Exception e) {
valid = false;
} finally {
Utils.closeQuietly(rset);
Utils.closeQuietly(stmt);
Utils.closeQuietly(conn);
validatingSet.remove(pconn);
}
}
return valid;
}"
SECURITY,SQL_PREPARED_STATEMENT_GENERATED_FROM_NONCONSTANT_STRING,FP,3,15,dbcp,458,"return connection.prepareStatement(sql, resultSetType.intValue(), resultSetConcurrency.intValue(),
","@Override
public Statement createStatement(final Connection connection) throws SQLException {
return connection.prepareStatement(sql, resultSetType.intValue(), resultSetConcurrency.intValue(), resultSetHoldability.intValue());
}"
SECURITY,SQL_PREPARED_STATEMENT_GENERATED_FROM_NONCONSTANT_STRING,FP,3,15,dbcp,459,"return connection.prepareStatement(sql, autoGeneratedKeys.intValue());
","@Override
public Statement createStatement(final Connection connection) throws SQLException {
return connection.prepareStatement(sql, autoGeneratedKeys.intValue());
}"
SECURITY,SQL_PREPARED_STATEMENT_GENERATED_FROM_NONCONSTANT_STRING,FP,3,15,dbcp,460,"connection.prepareStatement(sql, autoGeneratedKeys));
","@Override
public PreparedStatement prepareStatement(final String sql, final int autoGeneratedKeys) throws SQLException {
checkOpen();
try {
final DelegatingPreparedStatement dps = new DelegatingPreparedStatement(this, connection.prepareStatement(sql, autoGeneratedKeys));
initializeStatement(dps);
return dps;
} catch (final SQLException e) {
handleException(e);
return null;
}
}"
SECURITY,SQL_PREPARED_STATEMENT_GENERATED_FROM_NONCONSTANT_STRING,FP,3,15,dbcp,461,"connection.prepareStatement(sql));
","@Override
public PreparedStatement prepareStatement(final String sql) throws SQLException {
checkOpen();
try {
final DelegatingPreparedStatement dps = new DelegatingPreparedStatement(this, connection.prepareStatement(sql));
initializeStatement(dps);
return dps;
} catch (final SQLException e) {
handleException(e);
return null;
}
}"
SECURITY,SQL_NONCONSTANT_STRING_PASSED_TO_EXECUTE,FP,3,15,dbcp,463,"return statement.executeLargeUpdate(sql, columnNames);
","@Override
public long executeLargeUpdate(final String sql, final String[] columnNames) throws SQLException {
checkOpen();
setLastUsedInParent();
try {
return statement.executeLargeUpdate(sql, columnNames);
} catch (final SQLException e) {
handleException(e);
return 0;
}
}"
BAD_PRACTICE,DE_MIGHT_IGNORE,FP,3,19,dbcp,464,"} catch (final Exception ignored) {
","protected void checkOpen() throws SQLException {
if (closed) {
if (null != connection) {
String label = """";
try {
label = connection.toString();
} catch (final Exception ignored) {
}
throw new SQLException(""Connection "" + label + "" is closed."");
}
throw new SQLException(""Connection is null."");
}
}"
MALICIOUS_CODE,EI_EXPOSE_REP2,TP,2,18,dbcp,465,"this.userPassword = userPassword;
","public void setPassword(final char[] userPassword) {
this.userPassword = userPassword;
}"
SECURITY,SQL_PREPARED_STATEMENT_GENERATED_FROM_NONCONSTANT_STRING,FP,3,15,dbcp,467,"return connection.prepareStatement(sql, columnIndexes);
","PreparedStatement prepareStatement(final String sql, final int[] columnIndexes) throws SQLException {
if (pStmtPool == null) {
return connection.prepareStatement(sql, columnIndexes);
}
try {
return pStmtPool.borrowObject(createKey(sql, columnIndexes));
} catch (final RuntimeException e) {
throw e;
} catch (final Exception e) {
throw new SQLException(""Borrow prepareStatement from pool failed"", e);
}
}"
SECURITY,SQL_NONCONSTANT_STRING_PASSED_TO_EXECUTE,FP,3,15,dbcp,468,"return statement.execute(sql);
","@Override
public boolean execute(final String sql) throws SQLException {
checkOpen();
setLastUsedInParent();
try {
return statement.execute(sql);
} catch (final SQLException e) {
handleException(e);
return false;
}
}"
SECURITY,SQL_PREPARED_STATEMENT_GENERATED_FROM_NONCONSTANT_STRING,FP,3,15,dbcp,469,"return init(new DelegatingPreparedStatement(this, connection.prepareStatement(sql, columnIndexes)));
","@SuppressWarnings(""resource"")
@Override
public PreparedStatement prepareStatement(final String sql, final int[] columnIndexes) throws SQLException {
checkOpen();
try {
return init(new DelegatingPreparedStatement(this, connection.prepareStatement(sql, columnIndexes)));
} catch (final SQLException e) {
handleException(e);
return null;
}
}"
PERFORMANCE,WMI_WRONG_MAP_ITERATOR,FP,2,18,dbcp,471,"stringBuilder.append(NUPROP_WARNTEXT.get(propertyName)).append("" You have set value of \"""")
","private void validatePropertyNames(final Reference ref, final Name name, final List<String> warnings, final List<String> infoMessages) {
final List<String> allPropsAsList = Arrays.asList(ALL_PROPERTIES);
final String nameString = name != null ? ""Name = "" + name.toString() + "" "" : """";
if (NUPROP_WARNTEXT != null && !NUPROP_WARNTEXT.isEmpty()) {
for (final String propertyName : NUPROP_WARNTEXT.keySet()) {
final RefAddr ra = ref.get(propertyName);
if (ra != null && !allPropsAsList.contains(ra.getType())) {
final StringBuilder stringBuilder = new StringBuilder(nameString);
final String propertyValue = ra.getContent().toString();
stringBuilder.append(NUPROP_WARNTEXT.get(propertyName)).append("" You have set value of \"""").append(propertyValue).append(""\"" for \"""").append(propertyName).append(""\"" property, which is being ignored."");
warnings.add(stringBuilder.toString());
}
}
}
final Enumeration<RefAddr> allRefAddrs = ref.getAll();
while (allRefAddrs.hasMoreElements()) {
final RefAddr ra = allRefAddrs.nextElement();
final String propertyName = ra.getType();
if (!(allPropsAsList.contains(propertyName) || NUPROP_WARNTEXT.containsKey(propertyName) || SILENT_PROPERTIES.contains(propertyName))) {
final String propertyValue = ra.getContent().toString();
final StringBuilder stringBuilder = new StringBuilder(nameString);
stringBuilder.append(""Ignoring unknown property: "").append(""value of \"""").append(propertyValue).append(""\"" for \"""").append(propertyName).append(""\"" property"");
infoMessages.add(stringBuilder.toString());
}
}
}"
BAD_PRACTICE,DE_MIGHT_IGNORE,FP,3,19,dbcp,472,"} catch (final Exception e) {
","public void invalidateConnection(final Connection conn) throws SQLException {
if (!(conn instanceof PoolGuardConnectionWrapper)) {
throw new SQLException(""Invalid connection class"");
}
final PoolGuardConnectionWrapper pgconn = (PoolGuardConnectionWrapper) conn;
@SuppressWarnings(""unchecked"")
final ObjectPool<Connection> pool = (ObjectPool<Connection>) pgconn.pool;
try {
pool.invalidateObject(pgconn.getDelegateInternal());
} catch (final Exception e) {
}
}"
SECURITY,SQL_PREPARED_STATEMENT_GENERATED_FROM_NONCONSTANT_STRING,FP,3,15,dbcp,473,"return connection.prepareStatement(sql);
","PreparedStatement prepareStatement(final String sql) throws SQLException {
if (pStmtPool == null) {
return connection.prepareStatement(sql);
}
try {
return pStmtPool.borrowObject(createKey(sql));
} catch (final RuntimeException e) {
throw e;
} catch (final Exception e) {
throw new SQLException(""Borrow prepareStatement from pool failed"", e);
}
}"
SECURITY,SQL_NONCONSTANT_STRING_PASSED_TO_EXECUTE,FP,3,15,dbcp,474,"return statement.execute(sql, columnIndexes);
","@Override
public boolean execute(final String sql, final int[] columnIndexes) throws SQLException {
checkOpen();
setLastUsedInParent();
try {
return statement.execute(sql, columnIndexes);
} catch (final SQLException e) {
handleException(e);
return false;
}
}"
SECURITY,SQL_NONCONSTANT_STRING_PASSED_TO_EXECUTE,FP,3,15,dbcp,476,"return statement.executeUpdate(sql);
","@Override
public int executeUpdate(final String sql) throws SQLException {
checkOpen();
setLastUsedInParent();
try {
return statement.executeUpdate(sql);
} catch (final SQLException e) {
handleException(e);
return 0;
}
}"
SECURITY,SQL_NONCONSTANT_STRING_PASSED_TO_EXECUTE,TP,3,15,dbcp,477,"stmt.execute(sql);
","protected void initializeConnection(final Connection conn) throws SQLException {
final Collection<String> sqls = connectionInitSqls;
if (conn.isClosed()) {
throw new SQLException(""initializeConnection: connection closed"");
}
if (null != sqls) {
try (Statement stmt = conn.createStatement()) {
for (final String sql : sqls) {
Objects.requireNonNull(sql, ""null connectionInitSqls element"");
stmt.execute(sql);
}
}
}
}"
SECURITY,SQL_NONCONSTANT_STRING_PASSED_TO_EXECUTE,FP,3,15,dbcp,478,"return statement.executeLargeUpdate(sql, autoGeneratedKeys);
","@Override
public long executeLargeUpdate(final String sql, final int autoGeneratedKeys) throws SQLException {
checkOpen();
setLastUsedInParent();
try {
return statement.executeLargeUpdate(sql, autoGeneratedKeys);
} catch (final SQLException e) {
handleException(e);
return 0;
}
}"
BAD_PRACTICE,DE_MIGHT_IGNORE,FP,3,19,dbcp,479,"} catch (final Exception e) {
","public synchronized void setPool(final ObjectPool<PoolableConnection> pool) {
if (null != this.pool && pool != this.pool) {
try {
this.pool.close();
} catch (final Exception e) {
}
}
this.pool = pool;
}"
MALICIOUS_CODE,EI_EXPOSE_REP2,TP,2,18,dbcp,480,"this.userPassword = userPassword;
","public DataSourceXAConnectionFactory(final TransactionManager transactionManager, final XADataSource xaDataSource, final String userName, final char[] userPassword, final TransactionSynchronizationRegistry transactionSynchronizationRegistry) {
Objects.requireNonNull(transactionManager, ""transactionManager is null"");
Objects.requireNonNull(xaDataSource, ""xaDataSource is null"");
this.transactionRegistry = new TransactionRegistry(transactionManager, transactionSynchronizationRegistry);
this.xaDataSource = xaDataSource;
this.userName = userName;
this.userPassword = userPassword;
}"
SECURITY,SQL_PREPARED_STATEMENT_GENERATED_FROM_NONCONSTANT_STRING,FP,3,15,dbcp,481,"return init(new DelegatingPreparedStatement(this, connection.prepareStatement(sql, columnNames)));
","@SuppressWarnings(""resource"")
@Override
public PreparedStatement prepareStatement(final String sql, final String[] columnNames) throws SQLException {
checkOpen();
try {
return init(new DelegatingPreparedStatement(this, connection.prepareStatement(sql, columnNames)));
} catch (final SQLException e) {
handleException(e);
return null;
}
}"
MALICIOUS_CODE,EI_EXPOSE_REP,TP,2,18,dbcp,482,"return userPassword;
","public char[] getUserPassword() {
return userPassword;
}"
SECURITY,SQL_PREPARED_STATEMENT_GENERATED_FROM_NONCONSTANT_STRING,FP,3,15,dbcp,484,"return connection.prepareStatement(sql, resultSetType, resultSetConcurrency);
","PreparedStatement prepareStatement(final String sql, final int resultSetType, final int resultSetConcurrency) throws SQLException {
if (pStmtPool == null) {
return connection.prepareStatement(sql, resultSetType, resultSetConcurrency);
}
try {
return pStmtPool.borrowObject(createKey(sql, resultSetType, resultSetConcurrency));
} catch (final RuntimeException e) {
throw e;
} catch (final Exception e) {
throw new SQLException(""Borrow prepareStatement from pool failed"", e);
}
}"
DODGY_CODE,DLS_DEAD_LOCAL_STORE,TP,3,20,dbcp,485,"final int size = resultSetList.size();
","@Override
public void close() throws SQLException {
if (isClosed()) {
return;
}
final List<Exception> thrownList = new ArrayList<>();
try {
if (connection != null) {
connection.removeTrace(this);
connection = null;
}
final List<AbandonedTrace> resultSetList = getTrace();
if (resultSetList != null) {
final int size = resultSetList.size();
final ResultSet[] resultSets = resultSetList.toArray(Utils.EMPTY_RESULT_SET_ARRAY);
for (final ResultSet resultSet : resultSets) {
if (resultSet != null) {
try {
resultSet.close();
} catch (final Exception e) {
if (connection != null) {
connection.handleExceptionNoThrow(e);
}
thrownList.add(e);
}
}
}
clearTrace();
}
if (statement != null) {
try {
statement.close();
} catch (final Exception e) {
if (connection != null) {
connection.handleExceptionNoThrow(e);
}
thrownList.add(e);
}
}
} finally {
closed = true;
statement = null;
if (!thrownList.isEmpty()) {
throw new SQLExceptionList(thrownList);
}
}
}"
BAD_PRACTICE,DE_MIGHT_IGNORE,FP,3,19,dbcp,487,"} catch (final Exception e) {
","@Deprecated
public static void closeQuietly(final ResultSet resultSet) {
if (resultSet != null) {
try {
resultSet.close();
} catch (final Exception e) {
}
}
}"
SECURITY,SQL_NONCONSTANT_STRING_PASSED_TO_EXECUTE,FP,3,15,dbcp,488,"return statement.executeUpdate(sql, autoGeneratedKeys);
","@Override
public int executeUpdate(final String sql, final int autoGeneratedKeys) throws SQLException {
checkOpen();
setLastUsedInParent();
try {
return statement.executeUpdate(sql, autoGeneratedKeys);
} catch (final SQLException e) {
handleException(e);
return 0;
}
}"
MALICIOUS_CODE,EI_EXPOSE_REP,TP,2,18,dbcp,489,"return columnIndexes;
","public int[] getColumnIndexes() {
return columnIndexes;
}"
BAD_PRACTICE,DE_MIGHT_IGNORE,TP,3,19,dbcp,490,"} catch (final Exception e) {
","private void closeConnectionPool() {
final GenericObjectPool<?> oldPool = connectionPool;
connectionPool = null;
try {
if (oldPool != null) {
oldPool.close();
}
} catch (final Exception e) {
}
}"
SECURITY,SQL_PREPARED_STATEMENT_GENERATED_FROM_NONCONSTANT_STRING,FP,3,15,dbcp,491,"return init(new DelegatingPreparedStatement(this, connection.prepareStatement(sql)));
","@SuppressWarnings(""resource"")
@Override
public PreparedStatement prepareStatement(final String sql) throws SQLException {
checkOpen();
try {
return init(new DelegatingPreparedStatement(this, connection.prepareStatement(sql)));
} catch (final SQLException e) {
handleException(e);
return null;
}
}"
MALICIOUS_CODE,MS_MUTABLE_COLLECTION_PKGPROTECT,FP,2,18,dbcp,492,"protected static final HashMap<String, ObjectPool<? extends Connection>> pools = new HashMap<>();","protected static final HashMap<String, ObjectPool<? extends Connection>> pools = new HashMap<>();"
MALICIOUS_CODE,EI_EXPOSE_REP,TP,2,18,dbcp,493,"return userPassword;
","public char[] getPasswordCharArray() {
return userPassword;
}"
BAD_PRACTICE,DE_MIGHT_IGNORE,FP,3,19,dbcp,495,"} catch (final Exception ex) {
","protected void checkOpen() throws SQLException {
if (closed) {
if (null != connection) {
String label = """";
try {
label = connection.toString();
} catch (final Exception ex) {
}
throw new SQLException(""Connection "" + label + "" is closed."");
}
throw new SQLException(""Connection is null."");
}
}"
SECURITY,SQL_NONCONSTANT_STRING_PASSED_TO_EXECUTE,FP,3,15,dbcp,496,"return statement.executeLargeUpdate(sql, columnIndexes);
","@Override
public long executeLargeUpdate(final String sql, final int[] columnIndexes) throws SQLException {
checkOpen();
setLastUsedInParent();
try {
return statement.executeLargeUpdate(sql, columnIndexes);
} catch (final SQLException e) {
handleException(e);
return 0;
}
}"
SECURITY,SQL_NONCONSTANT_STRING_PASSED_TO_EXECUTE,FP,3,15,dbcp,497,"return statement.executeUpdate(sql, columnNames);
","@Override
public int executeUpdate(final String sql, final String[] columnNames) throws SQLException {
checkOpen();
setLastUsedInParent();
try {
return statement.executeUpdate(sql, columnNames);
} catch (final SQLException e) {
handleException(e);
return 0;
}
}"
SECURITY,SQL_PREPARED_STATEMENT_GENERATED_FROM_NONCONSTANT_STRING,FP,3,15,dbcp,498,"return connection.prepareStatement(sql, columnNames);
","PreparedStatement prepareStatement(final String sql, final String[] columnNames) throws SQLException {
if (pStmtPool == null) {
return connection.prepareStatement(sql, columnNames);
}
try {
return pStmtPool.borrowObject(createKey(sql, columnNames));
} catch (final RuntimeException e) {
throw e;
} catch (final Exception e) {
throw new SQLException(""Borrow prepareStatement from pool failed"", e);
}
}"
DODGY_CODE,REC_CATCH_EXCEPTION,FP,3,20,dbcp,500,"} catch (final Exception e) {
","@Override
public boolean validateObject(final PooledObject<PooledConnectionAndInfo> p) {
try {
validateLifetime(p);
} catch (final Exception e) {
return false;
}
boolean valid = false;
final PooledConnection pconn = p.getObject().getPooledConnection();
Connection conn = null;
validatingSet.add(pconn);
if (null == validationQuery) {
int timeoutSeconds = validationQueryTimeoutSeconds;
if (timeoutSeconds < 0) {
timeoutSeconds = 0;
}
try {
conn = pconn.getConnection();
valid = conn.isValid(timeoutSeconds);
} catch (final SQLException e) {
valid = false;
} finally {
Utils.closeQuietly(conn);
validatingSet.remove(pconn);
}
} else {
Statement stmt = null;
ResultSet rset = null;
validatingSet.add(pconn);
try {
conn = pconn.getConnection();
stmt = conn.createStatement();
rset = stmt.executeQuery(validationQuery);
valid = rset.next();
if (rollbackAfterValidation) {
conn.rollback();
}
} catch (final Exception e) {
valid = false;
} finally {
Utils.closeQuietly(rset);
Utils.closeQuietly(stmt);
Utils.closeQuietly(conn);
validatingSet.remove(pconn);
}
}
return valid;
}"
SECURITY,SQL_NONCONSTANT_STRING_PASSED_TO_EXECUTE,FP,3,15,dbcp,501,"return statement.executeUpdate(sql, columnIndexes);
","@Override
public int executeUpdate(final String sql, final int[] columnIndexes) throws SQLException {
checkOpen();
setLastUsedInParent();
try {
return statement.executeUpdate(sql, columnIndexes);
} catch (final SQLException e) {
handleException(e);
return 0;
}
}"
SECURITY,SQL_NONCONSTANT_STRING_PASSED_TO_EXECUTE,FP,3,15,dbcp,502,"return statement.execute(sql, autoGeneratedKeys);
","@Override
public boolean execute(final String sql, final int autoGeneratedKeys) throws SQLException {
checkOpen();
setLastUsedInParent();
try {
return statement.execute(sql, autoGeneratedKeys);
} catch (final SQLException e) {
handleException(e);
return false;
}
}"
SECURITY,SQL_PREPARED_STATEMENT_GENERATED_FROM_NONCONSTANT_STRING,FP,3,15,dbcp,504,"connection.prepareStatement(sql, columnNames));
","@Override
public PreparedStatement prepareStatement(final String sql, final String[] columnNames) throws SQLException {
checkOpen();
try {
final DelegatingPreparedStatement dps = new DelegatingPreparedStatement(this, connection.prepareStatement(sql, columnNames));
initializeStatement(dps);
return dps;
} catch (final SQLException e) {
handleException(e);
return null;
}
}"
SECURITY,SQL_NONCONSTANT_STRING_PASSED_TO_EXECUTE,FP,3,15,dbcp,505,"return statement.execute(sql, columnNames);
","@Override
public boolean execute(final String sql, final String[] columnNames) throws SQLException {
checkOpen();
setLastUsedInParent();
try {
return statement.execute(sql, columnNames);
} catch (final SQLException e) {
handleException(e);
return false;
}
}"
SECURITY,SQL_PREPARED_STATEMENT_GENERATED_FROM_NONCONSTANT_STRING,FP,3,15,dbcp,506,"return init(new DelegatingPreparedStatement(this, connection.prepareStatement(sql, autoGeneratedKeys)));
","@SuppressWarnings(""resource"")
@Override
public PreparedStatement prepareStatement(final String sql, final int autoGeneratedKeys) throws SQLException {
checkOpen();
try {
return init(new DelegatingPreparedStatement(this, connection.prepareStatement(sql, autoGeneratedKeys)));
} catch (final SQLException e) {
handleException(e);
return null;
}
}"
Multithreaded correctness,IS2_INCONSISTENT_SYNC,FP,3,20,dbcp,507,private UserPassKey userPassKey;,private UserPassKey userPassKey;
Multithreaded correctness,IS2_INCONSISTENT_SYNC,FP,3,20,dbcp,508,private char[] userPassword;,private char[] userPassword;
CORRECTNESS,NP_NONNULL_RETURN_VIOLATION,FP,1,6,dbcp,509,"return null;
","@SuppressWarnings(""resource"")
@Override
public PreparedStatement prepareStatement(final String sql) throws SQLException {
checkOpen();
try {
return init(new DelegatingPreparedStatement(this, connection.prepareStatement(sql)));
} catch (final SQLException e) {
handleException(e);
return null;
}
}"
SECURITY,SQL_PREPARED_STATEMENT_GENERATED_FROM_NONCONSTANT_STRING,FP,3,15,dbcp,511,"return connection.prepareStatement(sql, autoGeneratedKeys);
","@Override
public Statement createStatement(final Connection connection) throws SQLException {
return connection.prepareStatement(sql, autoGeneratedKeys);
}"
SECURITY,SQL_NONCONSTANT_STRING_PASSED_TO_EXECUTE,FP,3,15,dbcp,512,"return statement.executeLargeUpdate(sql);
","@Override
public long executeLargeUpdate(final String sql) throws SQLException {
checkOpen();
setLastUsedInParent();
try {
return statement.executeLargeUpdate(sql);
} catch (final SQLException e) {
handleException(e);
return 0;
}
}"
Multithreaded correctness,IS2_INCONSISTENT_SYNC,FP,2,17,dbcp,514,private boolean closed;,private boolean closed;
DODGY_CODE,UWF_FIELD_NOT_INITIALIZED_IN_CONSTRUCTOR,FP,3,20,dbcp,515,"if (!this.currentXid.equals(xid)) {
","@Override
public synchronized void rollback(final Xid xid) throws XAException {
Objects.requireNonNull(xid, ""xid"");
if (!this.currentXid.equals(xid)) {
throw new XAException(""Invalid Xid: expected "" + this.currentXid + "", but was "" + xid);
}
try {
connection.rollback();
} catch (final SQLException e) {
throw (XAException) new XAException().initCause(e);
} finally {
try {
connection.setAutoCommit(originalAutoCommit);
} catch (final SQLException ignored) {
}
this.currentXid = null;
}
}"
SECURITY,SQL_PREPARED_STATEMENT_GENERATED_FROM_NONCONSTANT_STRING,FP,3,15,dbcp,516,"return connection.prepareStatement(sql, resultSetType, resultSetConcurrency);
","@Override
public Statement createStatement(final Connection connection) throws SQLException {
return connection.prepareStatement(sql, resultSetType, resultSetConcurrency);
}"
SECURITY,SQL_PREPARED_STATEMENT_GENERATED_FROM_NONCONSTANT_STRING,FP,3,15,dbcp,517,"connection.prepareStatement(sql, resultSetType, resultSetConcurrency)));
","@SuppressWarnings(""resource"")
@Override
public PreparedStatement prepareStatement(final String sql, final int resultSetType, final int resultSetConcurrency) throws SQLException {
checkOpen();
try {
return init(new DelegatingPreparedStatement(this, connection.prepareStatement(sql, resultSetType, resultSetConcurrency)));
} catch (final SQLException e) {
handleException(e);
return null;
}
}"
BAD_PRACTICE,DE_MIGHT_IGNORE,FP,3,19,dbcp,518,"} catch (final Exception closePoolException) {
","@Override
public void close() {
for (final PooledConnectionManager manager : managers.values()) {
try {
getCPDSConnectionFactoryPool(manager).close();
} catch (final Exception closePoolException) {
}
}
InstanceKeyDataSourceFactory.removeInstance(getInstanceKey());
}"
DODGY_CODE,PZLA_PREFER_ZERO_LENGTH_ARRAYS,FP,,,dbcp,521,"return null;
","@Override
public long[] executeLargeBatch() throws SQLException {
checkOpen();
setLastUsedInParent();
try {
return statement.executeLargeBatch();
} catch (final SQLException e) {
handleException(e);
return null;
}
}"
